fileName;pathToFile;logging;exceptionExhaustive;exceptionBaseHeuristic;exceptionIncrementalHeuristic;exceptionAdvancedHeuristic;totalAmountSolutionsExhaustive;totalAmountSolutionsBaseHeuristic;totalAmountSolutionsIncrementalHeuristic;totalAmountSolutionsAdvancedHeuristic;amountCheapestSolutionsExhaustive;amountCheapestSolutionsBaseHeuristic;amountSolutionsIncrementalHeuristic;amountCheapestSolutionsAdvancedHeuristic;costCheapestSolutionExhaustive;costCheapestSolutionBaseHeuristic;costCheapestSolutionIncrementalHeuristic;costCheapestSolutionAdvancedHeuristic;exhaustiveCombsGenInSec;exhaustiveCalcMeasureInSec;exhaustiveExecutionTimeInSec;baseHeuristicCombsGenInSec;baseHeuristicCalcMeasureInSec;baseHeuristicExecutionTimeInSec;incrementalHeuristicCombsGenInSec;incrementalHeuristicCalcMeasureInSec;incrementalHeuristicExecutionTimeInSec;advancedHeuristicCombsGenInSec;advancedHeuristicCalcMeasureInSec;advancedHeuristicExecutionTimeInSec;amountReaders;amountWriters;amountDataObjects;averageAmountDataObjectsPerDecision;amountReadersPerDataObject;amountWritersPerDataObject;amountExclusiveGateways;amountParallelGateways;amountTasks;amountElements;amountSumAddActors;averageAmountAddActors;privateSphereSize;averageSphereSum;pathsThroughProcess;amountMandConst;amountExclConst
randomProcessModel423_annotated1.bpmn;/home/necmic/Onedrive/Desktop/EvaluationSetup/Test1_1-BoundaryTest1_Strong-Dynamic/BoundaryTest_decision-1/annotated/randomProcessModel423_annotated1.bpmn;null;null;null;null;null;10;1;1;1;3;1;1;1;5.0;5.0;5.0;5.0;1.43372E-4;9.8021E-4;0.001123582;1.89705E-4;1.84616E-4;3.74321E-4;4.12347E-4;0.002077009;0.002489356;1.93768E-4;1.66014E-4;3.59782E-4;2.0;3.0;1;1.0;2.0;3.0;1;0;10;14;3;3.0;6;3.0;2;0;0
randomProcessModel422_annotated1.bpmn;/home/necmic/Onedrive/Desktop/EvaluationSetup/Test1_1-BoundaryTest1_Strong-Dynamic/BoundaryTest_decision-1/annotated/randomProcessModel422_annotated1.bpmn;null;null;null;null;null;10;1;1;1;2;1;1;1;3.0;3.0;3.0;3.0;1.05962E-4;8.46063E-4;9.52025E-4;1.97569E-4;1.65817E-4;3.63386E-4;1.94803E-4;1.69118E-4;3.63921E-4;1.80463E-4;1.22313E-4;3.02776E-4;2.0;3.0;1;1.0;2.0;3.0;1;0;10;14;3;3.0;6;3.0;2;0;0
randomProcessModel426_annotated1.bpmn;/home/necmic/Onedrive/Desktop/EvaluationSetup/Test1_1-BoundaryTest1_Strong-Dynamic/BoundaryTest_decision-1/annotated/randomProcessModel426_annotated1.bpmn;null;null;null;null;null;10;1;1;1;6;1;1;1;6.0;6.0;6.0;6.0;4.68281E-4;0.002100601;0.002568882;1.27852E-4;1.49482E-4;2.77334E-4;1.48152E-4;1.11511E-4;2.59663E-4;1.54483E-4;1.45351E-4;2.99834E-4;2.0;3.0;1;1.0;2.0;3.0;1;0;10;14;3;3.0;6;3.0;2;0;0
randomProcessModel425_annotated1.bpmn;/home/necmic/Onedrive/Desktop/EvaluationSetup/Test1_1-BoundaryTest1_Strong-Dynamic/BoundaryTest_decision-1/annotated/randomProcessModel425_annotated1.bpmn;null;null;null;null;null;10;1;1;1;1;1;1;1;4.0;4.0;4.0;4.0;9.1471E-5;6.35335E-4;7.26806E-4;1.79841E-4;1.27285E-4;3.07126E-4;5.11344E-4;5.69659E-4;0.001081003;2.64367E-4;1.53513E-4;4.1788E-4;2.0;3.0;1;1.0;2.0;3.0;1;0;10;14;3;3.0;6;3.0;2;0;0
randomProcessModel429_annotated1.bpmn;/home/necmic/Onedrive/Desktop/EvaluationSetup/Test1_1-BoundaryTest1_Strong-Dynamic/BoundaryTest_decision-1/annotated/randomProcessModel429_annotated1.bpmn;null;null;null;null;null;10;1;1;1;1;1;1;1;4.0;4.0;4.0;4.0;7.6091E-5;5.20203E-4;5.96294E-4;1.85698E-4;1.47131E-4;3.32829E-4;1.9083E-4;1.27619E-4;3.18449E-4;1.82855E-4;9.921E-5;2.82065E-4;2.0;3.0;1;1.0;2.0;3.0;1;0;10;14;3;3.0;6;3.0;2;0;0
randomProcessModel421_annotated1.bpmn;/home/necmic/Onedrive/Desktop/EvaluationSetup/Test1_1-BoundaryTest1_Strong-Dynamic/BoundaryTest_decision-1/annotated/randomProcessModel421_annotated1.bpmn;null;null;null;null;null;10;1;1;1;1;1;1;1;3.0;3.0;3.0;3.0;7.7524E-5;5.37312E-4;6.14836E-4;2.04969E-4;1.6347E-4;3.68439E-4;1.61081E-4;1.97395E-4;3.58476E-4;2.28229E-4;1.47296E-4;3.75525E-4;2.0;3.0;1;1.0;2.0;3.0;1;0;10;14;3;3.0;6;3.0;2;0;0
randomProcessModel424_annotated1.bpmn;/home/necmic/Onedrive/Desktop/EvaluationSetup/Test1_1-BoundaryTest1_Strong-Dynamic/BoundaryTest_decision-1/annotated/randomProcessModel424_annotated1.bpmn;null;null;null;null;null;10;1;1;1;1;1;1;1;4.0;4.0;4.0;4.0;6.9319E-5;4.2544E-4;4.94759E-4;1.42097E-4;5.19905E-4;6.62002E-4;1.47761E-4;1.29905E-4;2.77666E-4;1.88283E-4;1.66532E-4;3.54815E-4;2.0;3.0;1;1.0;2.0;3.0;1;0;10;14;3;3.0;6;3.0;2;0;0
randomProcessModel430_annotated1.bpmn;/home/necmic/Onedrive/Desktop/EvaluationSetup/Test1_1-BoundaryTest1_Strong-Dynamic/BoundaryTest_decision-1/annotated/randomProcessModel430_annotated1.bpmn;null;null;null;null;null;10;1;1;1;3;1;1;1;5.0;5.0;5.0;5.0;1.45429E-4;9.65831E-4;0.00111126;1.47034E-4;1.07798E-4;2.54832E-4;1.55586E-4;1.06928E-4;2.62514E-4;1.63522E-4;8.1113E-5;2.44635E-4;2.0;3.0;1;1.0;2.0;3.0;1;0;10;14;3;3.0;6;3.0;2;0;0
randomProcessModel427_annotated1.bpmn;/home/necmic/Onedrive/Desktop/EvaluationSetup/Test1_1-BoundaryTest1_Strong-Dynamic/BoundaryTest_decision-1/annotated/randomProcessModel427_annotated1.bpmn;null;null;null;null;null;10;1;1;1;2;1;1;1;3.0;3.0;3.0;3.0;6.8237E-5;3.97966E-4;4.66203E-4;1.7126E-4;8.3021E-5;2.54281E-4;1.97743E-4;9.3482E-5;2.91225E-4;4.26027E-4;2.5403E-4;6.80057E-4;2.0;3.0;1;1.0;2.0;3.0;1;0;10;14;3;3.0;6;3.0;2;0;0
randomProcessModel428_annotated1.bpmn;/home/necmic/Onedrive/Desktop/EvaluationSetup/Test1_1-BoundaryTest1_Strong-Dynamic/BoundaryTest_decision-1/annotated/randomProcessModel428_annotated1.bpmn;null;null;null;null;null;10;1;1;1;6;1;1;1;8.0;8.0;8.0;8.0;1.72251E-4;4.89992E-4;6.62243E-4;2.79812E-4;1.49308E-4;4.2912E-4;1.61582E-4;9.3944E-5;2.55526E-4;2.10759E-4;8.1751E-5;2.9251E-4;2.0;3.0;1;1.0;2.0;3.0;1;0;10;14;3;3.0;6;3.0;2;0;0
randomProcessModel433_annotated1.bpmn;/home/necmic/Onedrive/Desktop/EvaluationSetup/Test1_1-BoundaryTest1_Strong-Dynamic/BoundaryTest_decision-2/annotated/randomProcessModel433_annotated1.bpmn;null;null;null;null;null;100;1;1;1;36;1;1;1;14.0;14.0;14.0;14.0;1.12001E-4;0.015626355;0.015738356;2.86485E-4;1.50536E-4;4.37021E-4;4.11409E-4;3.15639E-4;7.27048E-4;3.10164E-4;1.84485E-4;4.94649E-4;2.0;4.0;2;1.0;1.0;2.0;2;0;14;20;6;3.0;6;3.0;4;0;0
randomProcessModel437_annotated1.bpmn;/home/necmic/Onedrive/Desktop/EvaluationSetup/Test1_1-BoundaryTest1_Strong-Dynamic/BoundaryTest_decision-2/annotated/randomProcessModel437_annotated1.bpmn;null;null;null;null;null;100;1;1;1;18;1;1;1;13.0;13.0;13.0;13.0;1.19938E-4;0.008551427;0.008671365;2.55885E-4;1.68322E-4;4.24207E-4;9.03664E-4;3.77809E-4;0.001281473;3.58997E-4;1.86251E-4;5.45248E-4;2.0;4.0;2;1.0;1.0;2.0;2;0;14;20;6;3.0;6;3.0;4;0;0
randomProcessModel432_annotated1.bpmn;/home/necmic/Onedrive/Desktop/EvaluationSetup/Test1_1-BoundaryTest1_Strong-Dynamic/BoundaryTest_decision-2/annotated/randomProcessModel432_annotated1.bpmn;null;null;null;null;null;100;1;1;1;18;1;1;1;13.5;13.5;13.5;13.5;1.78225E-4;0.021850376;0.022028601;7.09864E-4;5.9616E-4;0.001306024;6.15391E-4;4.86162E-4;0.001101553;0.001145979;2.90743E-4;0.001436722;2.0;4.0;2;1.0;1.0;2.0;2;0;14;20;6;3.0;6;3.0;4;0;0
randomProcessModel436_annotated1.bpmn;/home/necmic/Onedrive/Desktop/EvaluationSetup/Test1_1-BoundaryTest1_Strong-Dynamic/BoundaryTest_decision-2/annotated/randomProcessModel436_annotated1.bpmn;null;null;null;null;null;100;1;1;1;30;1;1;1;14.0;14.0;14.0;14.0;1.08634E-4;0.005147052;0.005255686;2.34373E-4;1.31723E-4;3.66096E-4;4.05155E-4;2.08959E-4;6.14114E-4;6.5858E-4;4.2387E-4;0.00108245;2.0;4.0;2;1.0;1.0;2.0;2;0;14;20;6;3.0;6;3.0;4;0;0
randomProcessModel439_annotated1.bpmn;/home/necmic/Onedrive/Desktop/EvaluationSetup/Test1_1-BoundaryTest1_Strong-Dynamic/BoundaryTest_decision-2/annotated/randomProcessModel439_annotated1.bpmn;null;null;null;null;null;100;1;1;1;18;1;1;1;11.0;11.0;11.0;11.0;1.57918E-4;0.005097076;0.005254994;8.11279E-4;3.61762E-4;0.001173041;2.88405E-4;1.3563E-4;4.24035E-4;3.40238E-4;1.37611E-4;4.77849E-4;2.0;4.0;2;1.0;1.0;2.0;2;0;14;20;6;3.0;6;3.0;4;0;0
randomProcessModel431_annotated1.bpmn;/home/necmic/Onedrive/Desktop/EvaluationSetup/Test1_1-BoundaryTest1_Strong-Dynamic/BoundaryTest_decision-2/annotated/randomProcessModel431_annotated1.bpmn;null;null;null;null;null;100;1;1;1;9;1;1;1;10.0;10.0;10.0;10.0;1.80057E-4;0.009289937;0.009469994;3.67875E-4;1.77599E-4;5.45474E-4;2.59332E-4;3.29417E-4;5.88749E-4;4.94518E-4;1.80322E-4;6.7484E-4;2.0;4.0;2;1.0;1.0;2.0;2;0;14;20;6;3.0;6;3.0;4;0;0
randomProcessModel440_annotated1.bpmn;/home/necmic/Onedrive/Desktop/EvaluationSetup/Test1_1-BoundaryTest1_Strong-Dynamic/BoundaryTest_decision-2/annotated/randomProcessModel440_annotated1.bpmn;null;null;null;null;null;100;1;1;1;18;1;1;1;11.0;11.0;11.0;11.0;1.80413E-4;0.004422869;0.004603282;3.24605E-4;2.14418E-4;5.39023E-4;2.62313E-4;1.0819E-4;3.70503E-4;5.74346E-4;2.26558E-4;8.00904E-4;2.0;4.0;2;1.0;1.0;2.0;2;0;14;20;6;3.0;6;3.0;4;0;0
randomProcessModel438_annotated1.bpmn;/home/necmic/Onedrive/Desktop/EvaluationSetup/Test1_1-BoundaryTest1_Strong-Dynamic/BoundaryTest_decision-2/annotated/randomProcessModel438_annotated1.bpmn;null;null;null;null;null;100;1;1;1;18;1;1;1;11.0;11.0;11.0;11.0;2.14505E-4;0.012522913;0.012737418;2.54003E-4;1.32563E-4;3.86566E-4;3.88968E-4;1.69633E-4;5.58601E-4;4.49101E-4;1.92217E-4;6.41318E-4;2.0;4.0;2;1.0;1.0;2.0;2;0;14;20;6;3.0;6;3.0;4;0;0
randomProcessModel435_annotated1.bpmn;/home/necmic/Onedrive/Desktop/EvaluationSetup/Test1_1-BoundaryTest1_Strong-Dynamic/BoundaryTest_decision-2/annotated/randomProcessModel435_annotated1.bpmn;null;null;null;null;null;100;1;1;1;9;1;1;1;10.0;10.0;10.0;10.0;1.83168E-4;0.007762406;0.007945574;2.23409E-4;1.14294E-4;3.37703E-4;4.47488E-4;2.64396E-4;7.11884E-4;7.53041E-4;4.25089E-4;0.00117813;2.0;4.0;2;1.0;1.0;2.0;2;0;14;20;6;3.0;6;3.0;4;0;0
randomProcessModel434_annotated1.bpmn;/home/necmic/Onedrive/Desktop/EvaluationSetup/Test1_1-BoundaryTest1_Strong-Dynamic/BoundaryTest_decision-2/annotated/randomProcessModel434_annotated1.bpmn;null;null;null;null;null;100;1;1;1;9;1;1;1;10.0;10.0;10.0;10.0;1.60396E-4;0.007196896;0.007357292;3.36673E-4;1.54242E-4;4.90915E-4;4.51537E-4;1.72153E-4;6.2369E-4;4.37524E-4;1.83841E-4;6.21365E-4;2.0;4.0;2;1.0;1.0;2.0;2;0;14;20;6;3.0;6;3.0;4;0;0
randomProcessModel448_annotated1.bpmn;/home/necmic/Onedrive/Desktop/EvaluationSetup/Test1_1-BoundaryTest1_Strong-Dynamic/BoundaryTest_decision-3/annotated/randomProcessModel448_annotated1.bpmn;null;null;null;null;null;1000;1;1;1;27;1;1;1;15.0;15.0;15.0;15.0;2.79253E-4;0.335133479;0.335412732;5.8176E-4;3.79068E-4;9.60828E-4;7.90939E-4;4.16465E-4;0.001207404;0.001778533;0.001097483;0.002876016;5.0;5.0;3;1.0;1.6666666666666667;1.6666666666666667;3;0;18;26;9;3.0;6;3.0;8;0;0
randomProcessModel445_annotated1.bpmn;/home/necmic/Onedrive/Desktop/EvaluationSetup/Test1_1-BoundaryTest1_Strong-Dynamic/BoundaryTest_decision-3/annotated/randomProcessModel445_annotated1.bpmn;null;null;null;null;null;1000;1;1;1;54;1;1;1;16.0;16.0;16.0;16.0;2.43467E-4;0.093315669;0.093559136;3.79224E-4;2.191E-4;5.98324E-4;5.34959E-4;1.81099E-4;7.16058E-4;7.86505E-4;4.07482E-4;0.001193987;5.0;5.0;3;1.0;1.6666666666666667;1.6666666666666667;3;0;18;26;9;3.0;6;3.0;8;0;0
randomProcessModel443_annotated1.bpmn;/home/necmic/Onedrive/Desktop/EvaluationSetup/Test1_1-BoundaryTest1_Strong-Dynamic/BoundaryTest_decision-3/annotated/randomProcessModel443_annotated1.bpmn;null;null;null;null;null;1000;1;1;1;36;1;1;1;14.0;14.0;14.0;14.0;3.27272E-4;0.078002307;0.078329579;3.32429E-4;1.61872E-4;4.94301E-4;3.36685E-4;1.98548E-4;5.35233E-4;4.08178E-4;1.73997E-4;5.82175E-4;5.0;5.0;3;1.0;1.6666666666666667;1.6666666666666667;3;0;18;26;9;3.0;6;3.0;8;0;0
randomProcessModel447_annotated1.bpmn;/home/necmic/Onedrive/Desktop/EvaluationSetup/Test1_1-BoundaryTest1_Strong-Dynamic/BoundaryTest_decision-3/annotated/randomProcessModel447_annotated1.bpmn;null;null;null;null;null;1000;1;1;1;18;1;1;1;14.0;14.0;14.0;14.0;3.5491E-4;0.081950872;0.082305782;0.001056313;4.32279E-4;0.001488592;4.63585E-4;2.23343E-4;6.86928E-4;3.91159E-4;1.7093E-4;5.62089E-4;5.0;5.0;3;1.0;1.6666666666666667;1.6666666666666667;3;0;18;26;9;3.0;6;3.0;8;0;0
randomProcessModel442_annotated1.bpmn;/home/necmic/Onedrive/Desktop/EvaluationSetup/Test1_1-BoundaryTest1_Strong-Dynamic/BoundaryTest_decision-3/annotated/randomProcessModel442_annotated1.bpmn;null;null;null;null;null;1000;1;1;1;108;1;1;1;17.0;17.0;17.0;17.0;3.005E-4;0.111422903;0.111723403;3.57917E-4;2.48811E-4;6.06728E-4;4.0744E-4;3.3531E-4;7.4275E-4;0.001054495;5.93922E-4;0.001648417;5.0;5.0;3;1.0;1.6666666666666667;1.6666666666666667;3;0;18;26;9;3.0;6;3.0;8;0;0
randomProcessModel446_annotated1.bpmn;/home/necmic/Onedrive/Desktop/EvaluationSetup/Test1_1-BoundaryTest1_Strong-Dynamic/BoundaryTest_decision-3/annotated/randomProcessModel446_annotated1.bpmn;null;null;null;null;null;1000;1;1;1;18;1;1;1;15.5;15.5;15.5;15.5;2.16775E-4;0.091798371;0.092015146;8.48163E-4;4.77347E-4;0.00132551;3.67288E-4;1.82169E-4;5.49457E-4;3.9132E-4;1.96222E-4;5.87542E-4;5.0;5.0;3;1.0;1.6666666666666667;1.6666666666666667;3;0;18;26;9;3.0;6;3.0;8;0;0
randomProcessModel441_annotated1.bpmn;/home/necmic/Onedrive/Desktop/EvaluationSetup/Test1_1-BoundaryTest1_Strong-Dynamic/BoundaryTest_decision-3/annotated/randomProcessModel441_annotated1.bpmn;null;null;null;null;null;1000;1;1;1;108;1;1;1;17.5;17.5;17.5;17.5;2.88555E-4;0.123234288;0.123522843;5.79411E-4;3.58152E-4;9.37563E-4;4.04525E-4;2.45977E-4;6.50502E-4;5.68694E-4;2.33979E-4;8.02673E-4;5.0;5.0;3;1.0;1.6666666666666667;1.6666666666666667;3;0;18;26;9;3.0;6;3.0;8;0;0
randomProcessModel444_annotated1.bpmn;/home/necmic/Onedrive/Desktop/EvaluationSetup/Test1_1-BoundaryTest1_Strong-Dynamic/BoundaryTest_decision-3/annotated/randomProcessModel444_annotated1.bpmn;null;null;null;null;null;1000;1;1;1;54;1;1;1;16.0;16.0;16.0;16.0;2.80042E-4;0.121234693;0.121514735;4.14086E-4;2.81315E-4;6.95401E-4;5.50565E-4;3.2341E-4;8.73975E-4;4.80822E-4;2.38987E-4;7.19809E-4;5.0;5.0;3;1.0;1.6666666666666667;1.6666666666666667;3;0;18;26;9;3.0;6;3.0;8;0;0
randomProcessModel450_annotated1.bpmn;/home/necmic/Onedrive/Desktop/EvaluationSetup/Test1_1-BoundaryTest1_Strong-Dynamic/BoundaryTest_decision-3/annotated/randomProcessModel450_annotated1.bpmn;null;null;null;null;null;1000;1;1;1;30;1;1;1;17.0;17.0;17.0;17.0;2.29705E-4;0.060388074;0.060617779;3.4972E-4;1.4076E-4;4.9048E-4;4.69593E-4;1.39774E-4;6.09367E-4;3.7292E-4;1.31502E-4;5.04422E-4;5.0;5.0;3;1.0;1.6666666666666667;1.6666666666666667;3;0;18;26;9;3.0;6;3.0;8;0;0
randomProcessModel449_annotated1.bpmn;/home/necmic/Onedrive/Desktop/EvaluationSetup/Test1_1-BoundaryTest1_Strong-Dynamic/BoundaryTest_decision-3/annotated/randomProcessModel449_annotated1.bpmn;null;null;null;null;null;1000;1;1;1;54;1;1;1;18.0;18.0;18.0;18.0;2.86845E-4;0.110415286;0.110702131;5.8945E-4;2.11054E-4;8.00504E-4;4.24585E-4;2.05882E-4;6.30467E-4;4.18843E-4;2.26851E-4;6.45694E-4;5.0;5.0;3;1.0;1.6666666666666667;1.6666666666666667;3;0;18;26;9;3.0;6;3.0;8;0;0
randomProcessModel460_annotated1.bpmn;/home/necmic/Onedrive/Desktop/EvaluationSetup/Test1_1-BoundaryTest1_Strong-Dynamic/BoundaryTest_decision-4/annotated/randomProcessModel460_annotated1.bpmn;null;null;null;null;null;10000;1;1;1;108;1;1;1;18.0;18.0;18.0;18.0;0.001853605;3.342188099;3.344041704;9.17167E-4;6.02278E-4;0.001519445;9.05204E-4;5.87638E-4;0.001492842;0.001157922;6.3058E-4;0.001788502;7.0;7.0;4;1.0;1.75;1.75;4;0;22;32;12;3.0;6;3.0;16;0;0
randomProcessModel456_annotated1.bpmn;/home/necmic/Onedrive/Desktop/EvaluationSetup/Test1_1-BoundaryTest1_Strong-Dynamic/BoundaryTest_decision-4/annotated/randomProcessModel456_annotated1.bpmn;null;null;null;null;null;10000;1;1;1;216;1;1;1;20.0;20.0;20.0;20.0;0.002480952;1.899366927;1.901847879;9.9126E-4;4.2267E-4;0.00141393;0.001536273;8.25106E-4;0.002361379;7.30053E-4;3.29838E-4;0.001059891;7.0;7.0;4;1.0;1.75;1.75;4;0;22;32;12;3.0;6;3.0;16;0;0
randomProcessModel459_annotated1.bpmn;/home/necmic/Onedrive/Desktop/EvaluationSetup/Test1_1-BoundaryTest1_Strong-Dynamic/BoundaryTest_decision-4/annotated/randomProcessModel459_annotated1.bpmn;null;null;null;null;null;10000;1;1;1;108;1;1;1;20.5;20.5;20.5;20.5;0.001745367;2.648867006;2.650612373;9.06536E-4;5.17178E-4;0.001423714;7.50334E-4;4.5251E-4;0.001202844;0.002111618;0.001131683;0.003243301;7.0;7.0;4;1.0;1.75;1.75;4;0;22;32;12;3.0;6;3.0;16;0;0
randomProcessModel455_annotated1.bpmn;/home/necmic/Onedrive/Desktop/EvaluationSetup/Test1_1-BoundaryTest1_Strong-Dynamic/BoundaryTest_decision-4/annotated/randomProcessModel455_annotated1.bpmn;null;null;null;null;null;10000;1;1;1;162;1;1;1;19.0;19.0;19.0;19.0;0.004002249;3.640347653;3.644349902;8.79797E-4;7.72651E-4;0.001652448;9.27909E-4;7.1771E-4;0.001645619;9.09771E-4;7.20979E-4;0.00163075;7.0;7.0;4;1.0;1.75;1.75;4;0;22;32;12;3.0;6;3.0;16;0;0
randomProcessModel458_annotated1.bpmn;/home/necmic/Onedrive/Desktop/EvaluationSetup/Test1_1-BoundaryTest1_Strong-Dynamic/BoundaryTest_decision-4/annotated/randomProcessModel458_annotated1.bpmn;null;null;null;null;null;10000;1;1;1;108;1;1;1;19.0;19.0;19.0;19.0;0.002386103;2.231741577;2.23412768;8.1284E-4;3.88382E-4;0.001201222;0.001409932;6.04058E-4;0.00201399;7.7602E-4;4.47135E-4;0.001223155;7.0;7.0;4;1.0;1.75;1.75;4;0;22;32;12;3.0;6;3.0;16;0;0
randomProcessModel451_annotated1.bpmn;/home/necmic/Onedrive/Desktop/EvaluationSetup/Test1_1-BoundaryTest1_Strong-Dynamic/BoundaryTest_decision-4/annotated/randomProcessModel451_annotated1.bpmn;null;null;null;null;null;10000;1;1;1;36;1;1;1;19.5;19.5;19.5;19.5;0.001417957;2.632800901;2.634218858;9.48142E-4;4.73374E-4;0.001421516;8.82082E-4;4.505E-4;0.001332582;8.3294E-4;4.22795E-4;0.001255735;7.0;7.0;4;1.0;1.75;1.75;4;0;22;32;12;3.0;6;3.0;16;0;0
randomProcessModel454_annotated1.bpmn;/home/necmic/Onedrive/Desktop/EvaluationSetup/Test1_1-BoundaryTest1_Strong-Dynamic/BoundaryTest_decision-4/annotated/randomProcessModel454_annotated1.bpmn;null;null;null;null;null;10000;1;1;1;540;1;1;1;25.0;25.0;25.0;25.0;0.002047826;3.210538699;3.212586525;0.002181013;0.001244372;0.003425385;0.001053459;6.70617E-4;0.001724076;0.001352847;7.4868E-4;0.002101527;7.0;7.0;4;1.0;1.75;1.75;4;0;22;32;12;3.0;6;3.0;16;0;0
randomProcessModel452_annotated1.bpmn;/home/necmic/Onedrive/Desktop/EvaluationSetup/Test1_1-BoundaryTest1_Strong-Dynamic/BoundaryTest_decision-4/annotated/randomProcessModel452_annotated1.bpmn;null;null;null;null;null;10000;1;1;1;648;1;1;1;23.0;23.0;23.0;23.0;0.001720377;2.831731319;2.833451696;7.83009E-4;4.83973E-4;0.001266982;9.60564E-4;4.6142E-4;0.001421984;0.003222708;0.001918258;0.005140966;7.0;7.0;4;1.0;1.75;1.75;4;0;22;32;12;3.0;6;3.0;16;0;0
randomProcessModel453_annotated1.bpmn;/home/necmic/Onedrive/Desktop/EvaluationSetup/Test1_1-BoundaryTest1_Strong-Dynamic/BoundaryTest_decision-4/annotated/randomProcessModel453_annotated1.bpmn;null;null;null;null;null;10000;1;1;1;324;1;1;1;21.0;21.0;21.0;21.0;0.003659418;3.253615147;3.257274565;8.04987E-4;5.71057E-4;0.001376044;9.16605E-4;5.55638E-4;0.001472243;0.002370361;0.001370048;0.003740409;7.0;7.0;4;1.0;1.75;1.75;4;0;22;32;12;3.0;6;3.0;16;0;0
randomProcessModel457_annotated1.bpmn;/home/necmic/Onedrive/Desktop/EvaluationSetup/Test1_1-BoundaryTest1_Strong-Dynamic/BoundaryTest_decision-4/annotated/randomProcessModel457_annotated1.bpmn;null;null;null;null;null;10000;1;1;1;108;1;1;1;20.0;20.0;20.0;20.0;0.003625323;2.298758198;2.302383521;9.92344E-4;5.66435E-4;0.001558779;0.002679067;0.001630585;0.004309652;0.001630288;8.96114E-4;0.002526402;7.0;7.0;4;1.0;1.75;1.75;4;0;22;32;12;3.0;6;3.0;16;0;0
randomProcessModel470_annotated1.bpmn;/home/necmic/Onedrive/Desktop/EvaluationSetup/Test1_1-BoundaryTest1_Strong-Dynamic/BoundaryTest_decision-5/annotated/randomProcessModel470_annotated1.bpmn;null;null;null;null;null;100000;1;1;1;324;1;1;1;24.0;24.0;24.0;24.0;0.016235349;72.854901422;72.871136771;0.001457456;0.001087461;0.002544917;0.001630581;0.001316102;0.002946683;0.001542323;0.001146268;0.002688591;8.0;8.0;5;1.0;1.6;1.6;5;0;26;38;15;3.0;6;3.0;32;0;0
randomProcessModel464_annotated1.bpmn;/home/necmic/Onedrive/Desktop/EvaluationSetup/Test1_1-BoundaryTest1_Strong-Dynamic/BoundaryTest_decision-5/annotated/randomProcessModel464_annotated1.bpmn;null;null;null;null;null;100000;1;1;1;360;1;1;1;29.0;29.0;29.0;29.0;0.015676252;97.736166322;97.751842574;0.001895944;0.001741418;0.003637362;0.002088168;0.001655712;0.00374388;0.002215175;0.001764152;0.003979327;8.0;8.0;5;1.0;1.6;1.6;5;0;26;38;15;3.0;6;3.0;32;0;0
randomProcessModel461_annotated1.bpmn;/home/necmic/Onedrive/Desktop/EvaluationSetup/Test1_1-BoundaryTest1_Strong-Dynamic/BoundaryTest_decision-5/annotated/randomProcessModel461_annotated1.bpmn;null;null;null;null;null;100000;1;1;1;1080;1;1;1;28.75;28.75;28.75;28.75;0.01561832;75.330910665;75.346528985;0.001456016;0.001288661;0.002744677;0.004249304;0.003084963;0.007334267;0.001694446;0.001214709;0.002909155;8.0;8.0;5;1.0;1.6;1.6;5;0;26;38;15;3.0;6;3.0;32;0;0
randomProcessModel467_annotated1.bpmn;/home/necmic/Onedrive/Desktop/EvaluationSetup/Test1_1-BoundaryTest1_Strong-Dynamic/BoundaryTest_decision-5/annotated/randomProcessModel467_annotated1.bpmn;null;null;null;null;null;100000;1;1;1;972;1;1;1;28.5;28.5;28.5;28.5;0.015583211;93.792829316;93.808412527;0.001470193;0.00137982;0.002850013;0.001586462;0.001519264;0.003105726;0.001783215;0.001587853;0.003371068;8.0;8.0;5;1.0;1.6;1.6;5;0;26;38;15;3.0;6;3.0;32;0;0
randomProcessModel465_annotated1.bpmn;/home/necmic/Onedrive/Desktop/EvaluationSetup/Test1_1-BoundaryTest1_Strong-Dynamic/BoundaryTest_decision-5/annotated/randomProcessModel465_annotated1.bpmn;null;null;null;null;null;100000;1;1;1;648;1;1;1;30.5;30.5;30.5;30.5;0.016802912;71.422371713;71.439174625;0.001360906;0.001123497;0.002484403;0.001617472;0.001058692;0.002676164;0.001541431;0.001218115;0.002759546;8.0;8.0;5;1.0;1.6;1.6;5;0;26;38;15;3.0;6;3.0;32;0;0
randomProcessModel468_annotated1.bpmn;/home/necmic/Onedrive/Desktop/EvaluationSetup/Test1_1-BoundaryTest1_Strong-Dynamic/BoundaryTest_decision-5/annotated/randomProcessModel468_annotated1.bpmn;null;null;null;null;null;100000;1;1;1;540;1;1;1;26.0;26.0;26.0;26.0;0.015484909;82.378316406;82.393801315;0.00178317;0.001230717;0.003013887;0.001912085;0.001328355;0.00324044;0.001627796;0.001428326;0.003056122;8.0;8.0;5;1.0;1.6;1.6;5;0;26;38;15;3.0;6;3.0;32;0;0
randomProcessModel466_annotated1.bpmn;/home/necmic/Onedrive/Desktop/EvaluationSetup/Test1_1-BoundaryTest1_Strong-Dynamic/BoundaryTest_decision-5/annotated/randomProcessModel466_annotated1.bpmn;null;null;null;null;null;100000;1;1;1;486;1;1;1;26.5;26.5;26.5;26.5;0.024935404;92.654361518;92.679296922;0.001652263;0.001428884;0.003081147;0.001829708;0.001472735;0.003302443;0.001728793;0.001603011;0.003331804;8.0;8.0;5;1.0;1.6;1.6;5;0;26;38;15;3.0;6;3.0;32;0;0
randomProcessModel462_annotated1.bpmn;/home/necmic/Onedrive/Desktop/EvaluationSetup/Test1_1-BoundaryTest1_Strong-Dynamic/BoundaryTest_decision-5/annotated/randomProcessModel462_annotated1.bpmn;null;null;null;null;null;100000;1;1;1;648;1;1;1;25.0;25.0;25.0;25.0;0.016537124;96.755975522;96.772512646;0.001680313;0.001546259;0.003226572;0.004550625;0.00397564;0.008526265;0.001773805;0.001531889;0.003305694;8.0;8.0;5;1.0;1.6;1.6;5;0;26;38;15;3.0;6;3.0;32;0;0
randomProcessModel469_annotated1.bpmn;/home/necmic/Onedrive/Desktop/EvaluationSetup/Test1_1-BoundaryTest1_Strong-Dynamic/BoundaryTest_decision-5/annotated/randomProcessModel469_annotated1.bpmn;null;null;null;null;null;100000;1;1;1;3888;1;1;1;30.5;30.5;30.5;30.5;0.018819746;87.638235688;87.657055434;0.001528044;0.001432696;0.00296074;0.001650913;0.001277818;0.002928731;0.001725345;0.001394786;0.003120131;8.0;8.0;5;1.0;1.6;1.6;5;0;26;38;15;3.0;6;3.0;32;0;0
randomProcessModel463_annotated1.bpmn;/home/necmic/Onedrive/Desktop/EvaluationSetup/Test1_1-BoundaryTest1_Strong-Dynamic/BoundaryTest_decision-5/annotated/randomProcessModel463_annotated1.bpmn;null;null;null;null;null;100000;1;1;1;1080;1;1;1;30.0;30.0;30.0;30.0;0.015889895;73.419999979;73.435889874;0.001519794;0.001055195;0.002574989;0.001425975;0.00126074;0.002686715;0.004161169;0.002763832;0.006925001;8.0;8.0;5;1.0;1.6;1.6;5;0;26;38;15;3.0;6;3.0;32;0;0
randomProcessModel477_annotated1.bpmn;/home/necmic/Onedrive/Desktop/EvaluationSetup/Test1_1-BoundaryTest1_Strong-Dynamic/BoundaryTest_decision-6/annotated/randomProcessModel477_annotated1.bpmn;null;java.util.concurrent.TimeoutException;null;null;null;;1;1;1;null;1;1;1;null;37.0;37.0;37.0;0.173449491;null;null;0.004194879;0.004354465;0.008549344;0.004378691;0.004148386;0.008527077;0.004965317;0.003940193;0.00890551;9.0;9.0;6;1.0;1.5;1.5;6;0;30;44;18;3.0;6;3.0;64;0;0
randomProcessModel473_annotated1.bpmn;/home/necmic/Onedrive/Desktop/EvaluationSetup/Test1_1-BoundaryTest1_Strong-Dynamic/BoundaryTest_decision-6/annotated/randomProcessModel473_annotated1.bpmn;null;java.util.concurrent.TimeoutException;null;null;null;;1;1;1;null;1;1;1;null;31.0;31.0;31.0;0.181104726;null;null;0.004811366;0.006021088;0.010832454;0.003847308;0.003830686;0.007677994;0.009253318;0.007192866;0.016446184;9.0;9.0;6;1.0;1.5;1.5;6;0;30;44;18;3.0;6;3.0;64;0;0
randomProcessModel479_annotated1.bpmn;/home/necmic/Onedrive/Desktop/EvaluationSetup/Test1_1-BoundaryTest1_Strong-Dynamic/BoundaryTest_decision-6/annotated/randomProcessModel479_annotated1.bpmn;null;java.util.concurrent.TimeoutException;null;null;null;;1;1;1;null;1;1;1;null;35.0;35.0;35.0;0.172893995;null;null;0.003263455;0.003297475;0.00656093;0.004802821;0.006740938;0.011543759;0.003540481;0.003281772;0.006822253;9.0;9.0;6;1.0;1.5;1.5;6;0;30;44;18;3.0;6;3.0;64;0;0
randomProcessModel474_annotated1.bpmn;/home/necmic/Onedrive/Desktop/EvaluationSetup/Test1_1-BoundaryTest1_Strong-Dynamic/BoundaryTest_decision-6/annotated/randomProcessModel474_annotated1.bpmn;null;java.util.concurrent.TimeoutException;null;null;null;;1;1;1;null;1;1;1;null;34.0;34.0;34.0;0.171343302;null;null;0.002847874;0.002614884;0.005462758;0.002517087;0.002299546;0.004816633;0.002579246;0.002368488;0.004947734;9.0;9.0;6;1.0;1.5;1.5;6;0;30;44;18;3.0;6;3.0;64;0;0
randomProcessModel475_annotated1.bpmn;/home/necmic/Onedrive/Desktop/EvaluationSetup/Test1_1-BoundaryTest1_Strong-Dynamic/BoundaryTest_decision-6/annotated/randomProcessModel475_annotated1.bpmn;null;java.util.concurrent.TimeoutException;null;null;null;;1;1;1;null;1;1;1;null;37.0;37.0;37.0;0.172571323;null;null;0.008328455;0.003935565;0.01226402;0.004038897;0.004109062;0.008147959;0.003630962;0.004044356;0.007675318;9.0;9.0;6;1.0;1.5;1.5;6;0;30;44;18;3.0;6;3.0;64;0;0
randomProcessModel471_annotated1.bpmn;/home/necmic/Onedrive/Desktop/EvaluationSetup/Test1_1-BoundaryTest1_Strong-Dynamic/BoundaryTest_decision-6/annotated/randomProcessModel471_annotated1.bpmn;null;java.util.concurrent.TimeoutException;null;null;null;;1;1;1;null;1;1;1;null;33.0;33.0;33.0;0.174488669;null;null;0.008124183;0.004022561;0.012146744;0.004052234;0.00327855;0.007330784;0.003338736;0.003041508;0.006380244;9.0;9.0;6;1.0;1.5;1.5;6;0;30;44;18;3.0;6;3.0;64;0;0
randomProcessModel476_annotated1.bpmn;/home/necmic/Onedrive/Desktop/EvaluationSetup/Test1_1-BoundaryTest1_Strong-Dynamic/BoundaryTest_decision-6/annotated/randomProcessModel476_annotated1.bpmn;null;java.util.concurrent.TimeoutException;null;null;null;;1;1;1;null;1;1;1;null;28.5;28.5;28.5;0.172174815;null;null;0.004798868;0.004809064;0.009607932;0.011052573;0.005162618;0.016215191;0.004582593;0.004836758;0.009419351;9.0;9.0;6;1.0;1.5;1.5;6;0;30;44;18;3.0;6;3.0;64;0;0
randomProcessModel478_annotated1.bpmn;/home/necmic/Onedrive/Desktop/EvaluationSetup/Test1_1-BoundaryTest1_Strong-Dynamic/BoundaryTest_decision-6/annotated/randomProcessModel478_annotated1.bpmn;null;java.util.concurrent.TimeoutException;null;null;null;;1;1;1;null;1;1;1;null;30.5;30.5;30.5;0.17180897;null;null;0.003741274;0.004159774;0.007901048;0.004366683;0.004162146;0.008528829;0.004767487;0.004194775;0.008962262;9.0;9.0;6;1.0;1.5;1.5;6;0;30;44;18;3.0;6;3.0;64;0;0
randomProcessModel472_annotated1.bpmn;/home/necmic/Onedrive/Desktop/EvaluationSetup/Test1_1-BoundaryTest1_Strong-Dynamic/BoundaryTest_decision-6/annotated/randomProcessModel472_annotated1.bpmn;null;java.util.concurrent.TimeoutException;null;null;null;;1;1;1;null;1;1;1;null;29.0;29.0;29.0;0.170660899;null;null;0.00335316;0.002468807;0.005821967;0.003000033;0.002349211;0.005349244;0.003106175;0.002329581;0.005435756;9.0;9.0;6;1.0;1.5;1.5;6;0;30;44;18;3.0;6;3.0;64;0;0
randomProcessModel480_annotated1.bpmn;/home/necmic/Onedrive/Desktop/EvaluationSetup/Test1_1-BoundaryTest1_Strong-Dynamic/BoundaryTest_decision-6/annotated/randomProcessModel480_annotated1.bpmn;null;java.util.concurrent.TimeoutException;null;null;null;;1;1;1;null;1;1;1;null;31.0;31.0;31.0;0.172829237;null;null;0.003741946;0.003020449;0.006762395;0.003975338;0.003535785;0.007511123;0.003322631;0.003057574;0.006380205;9.0;9.0;6;1.0;1.5;1.5;6;0;30;44;18;3.0;6;3.0;64;0;0
randomProcessModel487_annotated1.bpmn;/home/necmic/Onedrive/Desktop/EvaluationSetup/Test1_1-BoundaryTest1_Strong-Dynamic/BoundaryTest_decision-7/annotated/randomProcessModel487_annotated1.bpmn;null;null;null;null;null;;1;1;1;null;1;1;1;null;44.0;44.0;44.0;null;null;null;0.007836716;0.008860948;0.016697664;0.008361491;0.00875096;0.017112451;0.012275482;0.009489284;0.021764766;10.0;10.0;7;1.0;1.4285714285714286;1.4285714285714286;7;0;34;50;21;3.0;6;3.0;128;0;0
randomProcessModel484_annotated1.bpmn;/home/necmic/Onedrive/Desktop/EvaluationSetup/Test1_1-BoundaryTest1_Strong-Dynamic/BoundaryTest_decision-7/annotated/randomProcessModel484_annotated1.bpmn;null;null;null;null;null;;1;1;1;null;1;1;1;null;42.0;42.0;42.0;null;null;null;0.011895847;0.005934488;0.017830335;0.005901131;0.005518577;0.011419708;0.006060011;0.005765818;0.011825829;10.0;10.0;7;1.0;1.4285714285714286;1.4285714285714286;7;0;34;50;21;3.0;6;3.0;128;0;0
randomProcessModel482_annotated1.bpmn;/home/necmic/Onedrive/Desktop/EvaluationSetup/Test1_1-BoundaryTest1_Strong-Dynamic/BoundaryTest_decision-7/annotated/randomProcessModel482_annotated1.bpmn;null;null;null;null;null;;1;1;1;null;1;1;1;null;41.5;41.5;41.5;null;null;null;0.009029052;0.010045352;0.019074404;0.008913189;0.009881322;0.018794511;0.008110797;0.009193311;0.017304108;10.0;10.0;7;1.0;1.4285714285714286;1.4285714285714286;7;0;34;50;21;3.0;6;3.0;128;0;0
randomProcessModel483_annotated1.bpmn;/home/necmic/Onedrive/Desktop/EvaluationSetup/Test1_1-BoundaryTest1_Strong-Dynamic/BoundaryTest_decision-7/annotated/randomProcessModel483_annotated1.bpmn;null;null;null;null;null;;1;1;1;null;1;1;1;null;37.0;37.0;37.0;null;null;null;0.008030084;0.010683753;0.018713837;0.008375371;0.010635831;0.019011202;0.009817069;0.010952476;0.020769545;10.0;10.0;7;1.0;1.4285714285714286;1.4285714285714286;7;0;34;50;21;3.0;6;3.0;128;0;0
randomProcessModel488_annotated1.bpmn;/home/necmic/Onedrive/Desktop/EvaluationSetup/Test1_1-BoundaryTest1_Strong-Dynamic/BoundaryTest_decision-7/annotated/randomProcessModel488_annotated1.bpmn;null;null;null;null;null;;1;1;1;null;1;1;1;null;41.0;41.0;41.0;null;null;null;0.009004936;0.010390083;0.019395019;0.009550732;0.010251726;0.019802458;0.009637212;0.010869241;0.020506453;10.0;10.0;7;1.0;1.4285714285714286;1.4285714285714286;7;0;34;50;21;3.0;6;3.0;128;0;0
randomProcessModel485_annotated1.bpmn;/home/necmic/Onedrive/Desktop/EvaluationSetup/Test1_1-BoundaryTest1_Strong-Dynamic/BoundaryTest_decision-7/annotated/randomProcessModel485_annotated1.bpmn;null;null;null;null;null;;1;1;1;null;1;1;1;null;40.0;40.0;40.0;null;null;null;0.007432286;0.00805411;0.015486396;0.009908794;0.007906811;0.017815605;0.01289842;0.004634204;0.017532624;10.0;10.0;7;1.0;1.4285714285714286;1.4285714285714286;7;0;34;50;21;3.0;6;3.0;128;0;0
randomProcessModel486_annotated1.bpmn;/home/necmic/Onedrive/Desktop/EvaluationSetup/Test1_1-BoundaryTest1_Strong-Dynamic/BoundaryTest_decision-7/annotated/randomProcessModel486_annotated1.bpmn;null;null;null;null;null;;1;1;1;null;1;1;1;null;37.0;37.0;37.0;null;null;null;0.007569081;0.008805649;0.01637473;0.00714638;0.008217595;0.015363975;0.008398527;0.008141079;0.016539606;10.0;10.0;7;1.0;1.4285714285714286;1.4285714285714286;7;0;34;50;21;3.0;6;3.0;128;0;0
randomProcessModel481_annotated1.bpmn;/home/necmic/Onedrive/Desktop/EvaluationSetup/Test1_1-BoundaryTest1_Strong-Dynamic/BoundaryTest_decision-7/annotated/randomProcessModel481_annotated1.bpmn;null;null;null;null;null;;1;1;1;null;1;1;1;null;46.0;46.0;46.0;null;null;null;0.009030632;0.009596002;0.018626634;0.008732336;0.009129531;0.017861867;0.009343554;0.009452633;0.018796187;10.0;10.0;7;1.0;1.4285714285714286;1.4285714285714286;7;0;34;50;21;3.0;6;3.0;128;0;0
randomProcessModel490_annotated1.bpmn;/home/necmic/Onedrive/Desktop/EvaluationSetup/Test1_1-BoundaryTest1_Strong-Dynamic/BoundaryTest_decision-7/annotated/randomProcessModel490_annotated1.bpmn;null;null;null;null;null;;1;1;1;null;1;1;1;null;39.0;39.0;39.0;null;null;null;0.006849907;0.011467448;0.018317355;0.011489455;0.008199847;0.019689302;0.006691652;0.00787982;0.014571472;10.0;10.0;7;1.0;1.4285714285714286;1.4285714285714286;7;0;34;50;21;3.0;6;3.0;128;0;0
randomProcessModel489_annotated1.bpmn;/home/necmic/Onedrive/Desktop/EvaluationSetup/Test1_1-BoundaryTest1_Strong-Dynamic/BoundaryTest_decision-7/annotated/randomProcessModel489_annotated1.bpmn;null;null;null;null;null;;1;1;1;null;1;1;1;null;46.5;46.5;46.5;null;null;null;0.006448445;0.005745269;0.012193714;0.006441854;0.005691235;0.012133089;0.007205383;0.005730253;0.012935636;10.0;10.0;7;1.0;1.4285714285714286;1.4285714285714286;7;0;34;50;21;3.0;6;3.0;128;0;0
randomProcessModel497_annotated1.bpmn;/home/necmic/Onedrive/Desktop/EvaluationSetup/Test1_1-BoundaryTest1_Strong-Dynamic/BoundaryTest_decision-8/annotated/randomProcessModel497_annotated1.bpmn;null;null;null;null;null;;1;1;1;null;1;1;1;null;49.0;49.0;49.0;null;null;null;0.015544528;0.018358167;0.033902695;0.014983948;0.01780532;0.032789268;0.015115559;0.018839726;0.033955285;11.0;11.0;8;1.0;1.375;1.375;8;0;38;56;24;3.0;6;3.0;256;0;0
randomProcessModel500_annotated1.bpmn;/home/necmic/Onedrive/Desktop/EvaluationSetup/Test1_1-BoundaryTest1_Strong-Dynamic/BoundaryTest_decision-8/annotated/randomProcessModel500_annotated1.bpmn;null;null;null;null;null;;1;1;1;null;1;1;1;null;45.0;45.0;45.0;null;null;null;0.021602113;0.023676772;0.045278885;0.022757399;0.02511033;0.047867729;0.021266959;0.037434291;0.05870125;11.0;11.0;8;1.0;1.375;1.375;8;0;38;56;24;3.0;6;3.0;256;0;0
randomProcessModel495_annotated1.bpmn;/home/necmic/Onedrive/Desktop/EvaluationSetup/Test1_1-BoundaryTest1_Strong-Dynamic/BoundaryTest_decision-8/annotated/randomProcessModel495_annotated1.bpmn;null;null;null;null;null;;1;1;1;null;1;1;1;null;42.0;42.0;42.0;null;null;null;0.013880298;0.018660277;0.032540575;0.014606162;0.019077329;0.033683491;0.014537018;0.018521201;0.033058219;11.0;11.0;8;1.0;1.375;1.375;8;0;38;56;24;3.0;6;3.0;256;0;0
randomProcessModel496_annotated1.bpmn;/home/necmic/Onedrive/Desktop/EvaluationSetup/Test1_1-BoundaryTest1_Strong-Dynamic/BoundaryTest_decision-8/annotated/randomProcessModel496_annotated1.bpmn;null;null;null;null;null;;1;1;1;null;1;1;1;null;46.0;46.0;46.0;null;null;null;0.016693299;0.018001384;0.034694683;0.016782207;0.017667969;0.034450176;0.015778416;0.017679807;0.033458223;11.0;11.0;8;1.0;1.375;1.375;8;0;38;56;24;3.0;6;3.0;256;0;0
randomProcessModel492_annotated1.bpmn;/home/necmic/Onedrive/Desktop/EvaluationSetup/Test1_1-BoundaryTest1_Strong-Dynamic/BoundaryTest_decision-8/annotated/randomProcessModel492_annotated1.bpmn;null;null;null;null;null;;1;1;1;null;1;1;1;null;54.0;54.0;54.0;null;null;null;0.017000801;0.019792464;0.036793265;0.019519045;0.021225604;0.040744649;0.017989405;0.019066653;0.037056058;11.0;11.0;8;1.0;1.375;1.375;8;0;38;56;24;3.0;6;3.0;256;0;0
randomProcessModel493_annotated1.bpmn;/home/necmic/Onedrive/Desktop/EvaluationSetup/Test1_1-BoundaryTest1_Strong-Dynamic/BoundaryTest_decision-8/annotated/randomProcessModel493_annotated1.bpmn;null;null;null;null;null;;1;1;1;null;1;1;1;null;45.0;45.0;45.0;null;null;null;0.022115139;0.026237404;0.048352543;0.021268901;0.026110865;0.047379766;0.022326753;0.026588105;0.048914858;11.0;11.0;8;1.0;1.375;1.375;8;0;38;56;24;3.0;6;3.0;256;0;0
randomProcessModel494_annotated1.bpmn;/home/necmic/Onedrive/Desktop/EvaluationSetup/Test1_1-BoundaryTest1_Strong-Dynamic/BoundaryTest_decision-8/annotated/randomProcessModel494_annotated1.bpmn;null;null;null;null;null;;1;1;1;null;1;1;1;null;45.5;45.5;45.5;null;null;null;0.015745258;0.01852898;0.034274238;0.0159111;0.017302451;0.033213551;0.015256198;0.017204864;0.032461062;11.0;11.0;8;1.0;1.375;1.375;8;0;38;56;24;3.0;6;3.0;256;0;0
randomProcessModel499_annotated1.bpmn;/home/necmic/Onedrive/Desktop/EvaluationSetup/Test1_1-BoundaryTest1_Strong-Dynamic/BoundaryTest_decision-8/annotated/randomProcessModel499_annotated1.bpmn;null;null;null;null;null;;1;1;1;null;1;1;1;null;48.0;48.0;48.0;null;null;null;0.017642367;0.017566827;0.035209194;0.016527472;0.015769372;0.032296844;0.016300666;0.016183333;0.032483999;11.0;11.0;8;1.0;1.375;1.375;8;0;38;56;24;3.0;6;3.0;256;0;0
randomProcessModel491_annotated1.bpmn;/home/necmic/Onedrive/Desktop/EvaluationSetup/Test1_1-BoundaryTest1_Strong-Dynamic/BoundaryTest_decision-8/annotated/randomProcessModel491_annotated1.bpmn;null;null;null;null;null;;1;1;1;null;1;1;1;null;44.0;44.0;44.0;null;null;null;0.024794542;0.029975806;0.054770348;0.025841264;0.030029089;0.055870353;0.025425606;0.029535493;0.054961099;11.0;11.0;8;1.0;1.375;1.375;8;0;38;56;24;3.0;6;3.0;256;0;0
randomProcessModel498_annotated1.bpmn;/home/necmic/Onedrive/Desktop/EvaluationSetup/Test1_1-BoundaryTest1_Strong-Dynamic/BoundaryTest_decision-8/annotated/randomProcessModel498_annotated1.bpmn;null;null;null;null;null;;1;1;1;null;1;1;1;null;41.0;41.0;41.0;null;null;null;0.030939478;0.037995822;0.0689353;0.037320837;0.039188752;0.076509589;0.032087061;0.038195941;0.070283002;11.0;11.0;8;1.0;1.375;1.375;8;0;38;56;24;3.0;6;3.0;256;0;0
randomProcessModel508_annotated1.bpmn;/home/necmic/Onedrive/Desktop/EvaluationSetup/Test1_1-BoundaryTest1_Strong-Dynamic/BoundaryTest_decision-9/annotated/randomProcessModel508_annotated1.bpmn;null;null;null;null;null;;1;1;1;null;1;1;1;null;50.0;50.0;50.0;null;null;null;0.039749492;0.043336385;0.083085877;0.033992587;0.03891106;0.072903647;0.040063348;0.040162768;0.080226116;13.0;13.0;9;1.0;1.4444444444444444;1.4444444444444444;9;0;42;62;27;3.0;6;3.0;512;0;0
randomProcessModel501_annotated1.bpmn;/home/necmic/Onedrive/Desktop/EvaluationSetup/Test1_1-BoundaryTest1_Strong-Dynamic/BoundaryTest_decision-9/annotated/randomProcessModel501_annotated1.bpmn;null;null;null;null;null;;1;1;1;null;1;1;1;null;46.0;46.0;46.0;null;null;null;0.064586131;0.09532476;0.159910891;0.067700224;0.101102181;0.168802405;0.065369938;0.096030013;0.161399951;13.0;13.0;9;1.0;1.4444444444444444;1.4444444444444444;9;0;42;62;27;3.0;6;3.0;512;0;0
randomProcessModel503_annotated1.bpmn;/home/necmic/Onedrive/Desktop/EvaluationSetup/Test1_1-BoundaryTest1_Strong-Dynamic/BoundaryTest_decision-9/annotated/randomProcessModel503_annotated1.bpmn;null;null;null;null;null;;1;1;1;null;1;1;1;null;53.0;53.0;53.0;null;null;null;0.025591513;0.032027521;0.057619034;0.028432632;0.034985469;0.063418101;0.02537248;0.031968262;0.057340742;13.0;13.0;9;1.0;1.4444444444444444;1.4444444444444444;9;0;42;62;27;3.0;6;3.0;512;0;0
randomProcessModel505_annotated1.bpmn;/home/necmic/Onedrive/Desktop/EvaluationSetup/Test1_1-BoundaryTest1_Strong-Dynamic/BoundaryTest_decision-9/annotated/randomProcessModel505_annotated1.bpmn;null;null;null;null;null;;1;1;1;null;1;1;1;null;52.0;52.0;52.0;null;null;null;0.0580968;0.091612737;0.149709537;0.056699013;0.086364498;0.143063511;0.056994316;0.086725142;0.143719458;13.0;13.0;9;1.0;1.4444444444444444;1.4444444444444444;9;0;42;62;27;3.0;6;3.0;512;0;0
randomProcessModel507_annotated1.bpmn;/home/necmic/Onedrive/Desktop/EvaluationSetup/Test1_1-BoundaryTest1_Strong-Dynamic/BoundaryTest_decision-9/annotated/randomProcessModel507_annotated1.bpmn;null;null;null;null;null;;1;1;1;null;1;1;1;null;54.0;54.0;54.0;null;null;null;0.053707127;0.083144553;0.13685168;0.053787149;0.078313428;0.132100577;0.054188813;0.07985863;0.134047443;13.0;13.0;9;1.0;1.4444444444444444;1.4444444444444444;9;0;42;62;27;3.0;6;3.0;512;0;0
randomProcessModel504_annotated1.bpmn;/home/necmic/Onedrive/Desktop/EvaluationSetup/Test1_1-BoundaryTest1_Strong-Dynamic/BoundaryTest_decision-9/annotated/randomProcessModel504_annotated1.bpmn;null;null;null;null;null;;1;1;1;null;1;1;1;null;57.125;56.625;56.75;null;null;null;0.040312879;0.055548882;0.095861761;0.047948868;0.05811733;0.106066198;0.043828619;0.056127613;0.099956232;13.0;13.0;9;1.0;1.4444444444444444;1.4444444444444444;9;0;42;62;27;3.0;6;3.0;512;0;0
randomProcessModel509_annotated1.bpmn;/home/necmic/Onedrive/Desktop/EvaluationSetup/Test1_1-BoundaryTest1_Strong-Dynamic/BoundaryTest_decision-9/annotated/randomProcessModel509_annotated1.bpmn;null;null;null;null;null;;1;1;1;null;1;1;1;null;51.0;51.0;51.0;null;null;null;0.037577168;0.0498747;0.087451868;0.033999032;0.048134592;0.082133624;0.035731203;0.04976392;0.085495123;13.0;13.0;9;1.0;1.4444444444444444;1.4444444444444444;9;0;42;62;27;3.0;6;3.0;512;0;0
randomProcessModel510_annotated1.bpmn;/home/necmic/Onedrive/Desktop/EvaluationSetup/Test1_1-BoundaryTest1_Strong-Dynamic/BoundaryTest_decision-9/annotated/randomProcessModel510_annotated1.bpmn;null;null;null;null;null;;1;1;1;null;1;1;1;null;57.0;57.0;57.0;null;null;null;0.037386106;0.051966174;0.08935228;0.037613742;0.052023367;0.089637109;0.039238272;0.052919668;0.09215794;13.0;13.0;9;1.0;1.4444444444444444;1.4444444444444444;9;0;42;62;27;3.0;6;3.0;512;0;0
randomProcessModel502_annotated1.bpmn;/home/necmic/Onedrive/Desktop/EvaluationSetup/Test1_1-BoundaryTest1_Strong-Dynamic/BoundaryTest_decision-9/annotated/randomProcessModel502_annotated1.bpmn;null;null;null;null;null;;1;1;1;null;1;1;1;null;45.0;45.0;45.0;null;null;null;0.03527737;0.041893005;0.077170375;0.036893632;0.043874268;0.0807679;0.038546892;0.042148039;0.080694931;13.0;13.0;9;1.0;1.4444444444444444;1.4444444444444444;9;0;42;62;27;3.0;6;3.0;512;0;0
randomProcessModel506_annotated1.bpmn;/home/necmic/Onedrive/Desktop/EvaluationSetup/Test1_1-BoundaryTest1_Strong-Dynamic/BoundaryTest_decision-9/annotated/randomProcessModel506_annotated1.bpmn;null;null;null;null;null;;1;1;1;null;1;1;1;null;50.0;50.0;50.0;null;null;null;0.033824391;0.033968957;0.067793348;0.032454842;0.032572918;0.06502776;0.032904925;0.032766619;0.065671544;13.0;13.0;9;1.0;1.4444444444444444;1.4444444444444444;9;0;42;62;27;3.0;6;3.0;512;0;0
randomProcessModel520_annotated1.bpmn;/home/necmic/Onedrive/Desktop/EvaluationSetup/Test1_1-BoundaryTest1_Strong-Dynamic/BoundaryTest_decision-10/annotated/randomProcessModel520_annotated1.bpmn;null;null;null;null;null;;1;1;1;null;1;1;1;null;61.0;61.0;61.0;null;null;null;0.086986834;0.141506492;0.228493326;0.086518635;0.139596855;0.22611549;0.089477913;0.141435123;0.230913036;14.0;14.0;10;1.0;1.4;1.4;10;0;46;68;30;3.0;6;3.0;1024;0;0
randomProcessModel516_annotated1.bpmn;/home/necmic/Onedrive/Desktop/EvaluationSetup/Test1_1-BoundaryTest1_Strong-Dynamic/BoundaryTest_decision-10/annotated/randomProcessModel516_annotated1.bpmn;null;null;null;null;null;;1;1;1;null;1;1;1;null;59.0;59.0;59.0;null;null;null;0.120155024;0.201469014;0.321624038;0.12384381;0.210984855;0.334828665;0.119405588;0.21520076;0.334606348;14.0;14.0;10;1.0;1.4;1.4;10;0;46;68;30;3.0;6;3.0;1024;0;0
randomProcessModel518_annotated1.bpmn;/home/necmic/Onedrive/Desktop/EvaluationSetup/Test1_1-BoundaryTest1_Strong-Dynamic/BoundaryTest_decision-10/annotated/randomProcessModel518_annotated1.bpmn;null;null;null;null;null;;1;1;1;null;1;1;1;null;55.0;55.0;55.0;null;null;null;0.115392703;0.158217062;0.273609765;0.096421541;0.154491238;0.250912779;0.096011333;0.157533918;0.253545251;14.0;14.0;10;1.0;1.4;1.4;10;0;46;68;30;3.0;6;3.0;1024;0;0
randomProcessModel511_annotated1.bpmn;/home/necmic/Onedrive/Desktop/EvaluationSetup/Test1_1-BoundaryTest1_Strong-Dynamic/BoundaryTest_decision-10/annotated/randomProcessModel511_annotated1.bpmn;null;null;null;null;null;;1;1;1;null;1;1;1;null;52.0;52.0;52.0;null;null;null;0.095219972;0.195506621;0.290726593;0.089257758;0.188146431;0.277404189;0.090180931;0.18784478;0.278025711;14.0;14.0;10;1.0;1.4;1.4;10;0;46;68;30;3.0;6;3.0;1024;0;0
randomProcessModel515_annotated1.bpmn;/home/necmic/Onedrive/Desktop/EvaluationSetup/Test1_1-BoundaryTest1_Strong-Dynamic/BoundaryTest_decision-10/annotated/randomProcessModel515_annotated1.bpmn;null;null;null;null;null;;1;1;1;null;1;1;1;null;59.0;59.0;59.0;null;null;null;0.116059635;0.216956808;0.333016443;0.126740114;0.224217771;0.350957885;0.117858331;0.230204563;0.348062894;14.0;14.0;10;1.0;1.4;1.4;10;0;46;68;30;3.0;6;3.0;1024;0;0
randomProcessModel517_annotated1.bpmn;/home/necmic/Onedrive/Desktop/EvaluationSetup/Test1_1-BoundaryTest1_Strong-Dynamic/BoundaryTest_decision-10/annotated/randomProcessModel517_annotated1.bpmn;null;null;null;null;null;;1;1;1;null;1;1;1;null;63.0;63.0;63.0;null;null;null;0.09780428;0.132080406;0.229884686;0.101936883;0.131755962;0.233692845;0.104663596;0.133894096;0.238557692;14.0;14.0;10;1.0;1.4;1.4;10;0;46;68;30;3.0;6;3.0;1024;0;0
randomProcessModel513_annotated1.bpmn;/home/necmic/Onedrive/Desktop/EvaluationSetup/Test1_1-BoundaryTest1_Strong-Dynamic/BoundaryTest_decision-10/annotated/randomProcessModel513_annotated1.bpmn;null;null;null;null;null;;1;1;1;null;1;1;1;null;56.75;56.75;56.75;null;null;null;0.122941052;0.22325479;0.346195842;0.118111798;0.217698995;0.335810793;0.117739164;0.219725891;0.337465055;14.0;14.0;10;1.0;1.4;1.4;10;0;46;68;30;3.0;6;3.0;1024;0;0
randomProcessModel519_annotated1.bpmn;/home/necmic/Onedrive/Desktop/EvaluationSetup/Test1_1-BoundaryTest1_Strong-Dynamic/BoundaryTest_decision-10/annotated/randomProcessModel519_annotated1.bpmn;null;null;null;null;null;;1;1;1;null;1;1;1;null;59.5;59.5;59.5;null;null;null;0.072912347;0.107880337;0.180792684;0.084492794;0.112774258;0.197267052;0.0739308;0.116717465;0.190648265;14.0;14.0;10;1.0;1.4;1.4;10;0;46;68;30;3.0;6;3.0;1024;0;0
randomProcessModel512_annotated1.bpmn;/home/necmic/Onedrive/Desktop/EvaluationSetup/Test1_1-BoundaryTest1_Strong-Dynamic/BoundaryTest_decision-10/annotated/randomProcessModel512_annotated1.bpmn;null;null;null;null;null;;1;1;1;null;1;1;1;null;54.0;54.0;54.0;null;null;null;0.094636463;0.129262909;0.223899372;0.08836561;0.123647216;0.212012826;0.089297792;0.122295075;0.211592867;14.0;14.0;10;1.0;1.4;1.4;10;0;46;68;30;3.0;6;3.0;1024;0;0
randomProcessModel514_annotated1.bpmn;/home/necmic/Onedrive/Desktop/EvaluationSetup/Test1_1-BoundaryTest1_Strong-Dynamic/BoundaryTest_decision-10/annotated/randomProcessModel514_annotated1.bpmn;null;null;null;null;null;;1;1;1;null;1;1;1;null;57.0;57.0;57.0;null;null;null;0.06361722;0.087924068;0.151541288;0.058825896;0.088455477;0.147281373;0.06535099;0.098746925;0.164097915;14.0;14.0;10;1.0;1.4;1.4;10;0;46;68;30;3.0;6;3.0;1024;0;0
randomProcessModel526_annotated1.bpmn;/home/necmic/Onedrive/Desktop/EvaluationSetup/Test1_1-BoundaryTest1_Strong-Dynamic/BoundaryTest_decision-11/annotated/randomProcessModel526_annotated1.bpmn;null;null;null;null;null;;1;1;1;null;1;1;1;null;63.0;63.0;63.0;null;null;null;0.338404943;0.67528852;1.013693463;0.317406716;0.704484835;1.021891551;0.306991622;0.681837102;0.988828724;15.0;15.0;11;1.0;1.3636363636363635;1.3636363636363635;11;0;50;74;33;3.0;6;3.0;2048;0;0
randomProcessModel528_annotated1.bpmn;/home/necmic/Onedrive/Desktop/EvaluationSetup/Test1_1-BoundaryTest1_Strong-Dynamic/BoundaryTest_decision-11/annotated/randomProcessModel528_annotated1.bpmn;null;null;null;null;null;;1;1;1;null;1;1;1;null;58.0;58.0;58.0;null;null;null;0.116100107;0.211295831;0.327395938;0.115288575;0.220361792;0.335650367;0.128154853;0.216860584;0.345015437;15.0;15.0;11;1.0;1.3636363636363635;1.3636363636363635;11;0;50;74;33;3.0;6;3.0;2048;0;0
randomProcessModel521_annotated1.bpmn;/home/necmic/Onedrive/Desktop/EvaluationSetup/Test1_1-BoundaryTest1_Strong-Dynamic/BoundaryTest_decision-11/annotated/randomProcessModel521_annotated1.bpmn;null;null;null;null;null;;1;1;1;null;1;1;1;null;68.0;68.0;68.0;null;null;null;0.15286539;0.31991826;0.47278365;0.156797262;0.31517412;0.471971382;0.150368105;0.315609136;0.465977241;15.0;15.0;11;1.0;1.3636363636363635;1.3636363636363635;11;0;50;74;33;3.0;6;3.0;2048;0;0
randomProcessModel529_annotated1.bpmn;/home/necmic/Onedrive/Desktop/EvaluationSetup/Test1_1-BoundaryTest1_Strong-Dynamic/BoundaryTest_decision-11/annotated/randomProcessModel529_annotated1.bpmn;null;null;null;null;null;;1;1;1;null;1;1;1;null;66.5;66.5;66.5;null;null;null;0.181928217;0.285726968;0.467655185;0.182319918;0.29415557;0.476475488;0.16941234;0.281963998;0.451376338;15.0;15.0;11;1.0;1.3636363636363635;1.3636363636363635;11;0;50;74;33;3.0;6;3.0;2048;0;0
randomProcessModel522_annotated1.bpmn;/home/necmic/Onedrive/Desktop/EvaluationSetup/Test1_1-BoundaryTest1_Strong-Dynamic/BoundaryTest_decision-11/annotated/randomProcessModel522_annotated1.bpmn;null;null;null;null;null;;1;1;1;null;1;1;1;null;66.0;66.0;66.0;null;null;null;0.185782222;0.419591997;0.605374219;0.178880095;0.41961361;0.598493705;0.19296427;0.429568173;0.622532443;15.0;15.0;11;1.0;1.3636363636363635;1.3636363636363635;11;0;50;74;33;3.0;6;3.0;2048;0;0
randomProcessModel523_annotated1.bpmn;/home/necmic/Onedrive/Desktop/EvaluationSetup/Test1_1-BoundaryTest1_Strong-Dynamic/BoundaryTest_decision-11/annotated/randomProcessModel523_annotated1.bpmn;null;null;null;null;null;;1;1;1;null;1;1;1;null;59.0;59.0;59.0;null;null;null;0.232752996;0.494304283;0.727057279;0.230985001;0.499248072;0.730233073;0.236071551;0.521751446;0.757822997;15.0;15.0;11;1.0;1.3636363636363635;1.3636363636363635;11;0;50;74;33;3.0;6;3.0;2048;0;0
randomProcessModel530_annotated1.bpmn;/home/necmic/Onedrive/Desktop/EvaluationSetup/Test1_1-BoundaryTest1_Strong-Dynamic/BoundaryTest_decision-11/annotated/randomProcessModel530_annotated1.bpmn;null;null;null;null;null;;1;1;1;null;1;1;1;null;62.0;62.0;62.0;null;null;null;0.140441752;0.296395866;0.436837618;0.13876588;0.300975123;0.439741003;0.145678857;0.3034449;0.449123757;15.0;15.0;11;1.0;1.3636363636363635;1.3636363636363635;11;0;50;74;33;3.0;6;3.0;2048;0;0
randomProcessModel527_annotated1.bpmn;/home/necmic/Onedrive/Desktop/EvaluationSetup/Test1_1-BoundaryTest1_Strong-Dynamic/BoundaryTest_decision-11/annotated/randomProcessModel527_annotated1.bpmn;null;null;null;null;null;;1;1;1;null;1;1;1;null;62.0;62.0;62.0;null;null;null;0.269099032;0.589898279;0.858997311;0.275409458;0.587928295;0.863337753;0.276704312;0.615229722;0.891934034;15.0;15.0;11;1.0;1.3636363636363635;1.3636363636363635;11;0;50;74;33;3.0;6;3.0;2048;0;0
randomProcessModel525_annotated1.bpmn;/home/necmic/Onedrive/Desktop/EvaluationSetup/Test1_1-BoundaryTest1_Strong-Dynamic/BoundaryTest_decision-11/annotated/randomProcessModel525_annotated1.bpmn;null;null;null;null;null;;1;1;1;null;1;1;1;null;65.0;65.0;65.0;null;null;null;0.167880936;0.304067441;0.471948377;0.177646462;0.304308198;0.48195466;0.174726244;0.320889522;0.495615766;15.0;15.0;11;1.0;1.3636363636363635;1.3636363636363635;11;0;50;74;33;3.0;6;3.0;2048;0;0
randomProcessModel524_annotated1.bpmn;/home/necmic/Onedrive/Desktop/EvaluationSetup/Test1_1-BoundaryTest1_Strong-Dynamic/BoundaryTest_decision-11/annotated/randomProcessModel524_annotated1.bpmn;null;null;null;null;null;;1;1;1;null;1;1;1;null;69.0;69.0;69.0;null;null;null;0.162051168;0.319038363;0.481089531;0.150766702;0.311936678;0.46270338;0.151673181;0.306847203;0.458520384;15.0;15.0;11;1.0;1.3636363636363635;1.3636363636363635;11;0;50;74;33;3.0;6;3.0;2048;0;0
randomProcessModel531_annotated1.bpmn;/home/necmic/Onedrive/Desktop/EvaluationSetup/Test1_1-BoundaryTest1_Strong-Dynamic/BoundaryTest_decision-12/annotated/randomProcessModel531_annotated1.bpmn;null;null;null;null;null;;1;1;1;null;1;1;1;null;77.0;77.0;77.0;null;null;null;0.580453985;1.506082602;2.086536587;0.631507983;1.625468792;2.256976775;0.571728834;1.525614217;2.097343051;16.0;16.0;12;1.0;1.3333333333333333;1.3333333333333333;12;0;54;80;36;3.0;6;3.0;4096;0;0
randomProcessModel535_annotated1.bpmn;/home/necmic/Onedrive/Desktop/EvaluationSetup/Test1_1-BoundaryTest1_Strong-Dynamic/BoundaryTest_decision-12/annotated/randomProcessModel535_annotated1.bpmn;null;null;null;null;null;;1;1;1;null;1;1;1;null;73.0;73.0;73.0;null;null;null;0.410287193;1.209855051;1.620142244;0.397734343;1.246601205;1.644335548;0.391894134;1.245760801;1.637654935;16.0;16.0;12;1.0;1.3333333333333333;1.3333333333333333;12;0;54;80;36;3.0;6;3.0;4096;0;0
randomProcessModel540_annotated1.bpmn;/home/necmic/Onedrive/Desktop/EvaluationSetup/Test1_1-BoundaryTest1_Strong-Dynamic/BoundaryTest_decision-12/annotated/randomProcessModel540_annotated1.bpmn;null;null;null;null;null;;1;1;1;null;1;1;1;null;67.0;67.0;67.0;null;null;null;0.319895236;1.318517326;1.638412562;0.309566923;1.395521269;1.705088192;0.302534669;1.404122903;1.706657572;16.0;16.0;12;1.0;1.3333333333333333;1.3333333333333333;12;0;54;80;36;3.0;6;3.0;4096;0;0
randomProcessModel532_annotated1.bpmn;/home/necmic/Onedrive/Desktop/EvaluationSetup/Test1_1-BoundaryTest1_Strong-Dynamic/BoundaryTest_decision-12/annotated/randomProcessModel532_annotated1.bpmn;null;null;null;null;null;;1;1;1;null;1;1;1;null;69.0;69.0;69.0;null;null;null;0.366995521;1.503404525;1.870400046;0.392211426;1.455851984;1.84806341;0.367980176;1.575193168;1.943173344;16.0;16.0;12;1.0;1.3333333333333333;1.3333333333333333;12;0;54;80;36;3.0;6;3.0;4096;0;0
randomProcessModel538_annotated1.bpmn;/home/necmic/Onedrive/Desktop/EvaluationSetup/Test1_1-BoundaryTest1_Strong-Dynamic/BoundaryTest_decision-12/annotated/randomProcessModel538_annotated1.bpmn;null;null;null;null;null;;1;1;1;null;1;1;1;null;71.25;71.25;71.25;null;null;null;0.387591601;1.246935182;1.634526783;0.423393777;1.237495607;1.660889384;0.407065804;1.179076414;1.586142218;16.0;16.0;12;1.0;1.3333333333333333;1.3333333333333333;12;0;54;80;36;3.0;6;3.0;4096;0;0
randomProcessModel536_annotated1.bpmn;/home/necmic/Onedrive/Desktop/EvaluationSetup/Test1_1-BoundaryTest1_Strong-Dynamic/BoundaryTest_decision-12/annotated/randomProcessModel536_annotated1.bpmn;null;null;null;null;null;;1;1;1;null;1;1;1;null;71.0;71.0;71.0;null;null;null;0.688305974;3.043991417;3.732297391;0.639438659;2.76783289;3.407271549;0.635252456;2.768555951;3.403808407;16.0;16.0;12;1.0;1.3333333333333333;1.3333333333333333;12;0;54;80;36;3.0;6;3.0;4096;0;0
randomProcessModel537_annotated1.bpmn;/home/necmic/Onedrive/Desktop/EvaluationSetup/Test1_1-BoundaryTest1_Strong-Dynamic/BoundaryTest_decision-12/annotated/randomProcessModel537_annotated1.bpmn;null;null;null;null;null;;1;1;1;null;1;1;1;null;74.0;74.0;74.0;null;null;null;0.575775286;1.980685909;2.556461195;0.566878738;1.974476005;2.541354743;0.571974738;2.168574125;2.740548863;16.0;16.0;12;1.0;1.3333333333333333;1.3333333333333333;12;0;54;80;36;3.0;6;3.0;4096;0;0
randomProcessModel534_annotated1.bpmn;/home/necmic/Onedrive/Desktop/EvaluationSetup/Test1_1-BoundaryTest1_Strong-Dynamic/BoundaryTest_decision-12/annotated/randomProcessModel534_annotated1.bpmn;null;null;null;null;null;;1;1;1;null;1;1;1;null;68.0;68.0;68.0;null;null;null;0.861831208;3.705995928;4.567827136;0.807174201;3.163969719;3.97114392;0.792806372;3.140816661;3.933623033;16.0;16.0;12;1.0;1.3333333333333333;1.3333333333333333;12;0;54;80;36;3.0;6;3.0;4096;0;0
randomProcessModel533_annotated1.bpmn;/home/necmic/Onedrive/Desktop/EvaluationSetup/Test1_1-BoundaryTest1_Strong-Dynamic/BoundaryTest_decision-12/annotated/randomProcessModel533_annotated1.bpmn;null;null;null;null;null;;1;1;1;null;1;1;1;null;79.0;79.0;79.0;null;null;null;0.367728252;1.615037116;1.982765368;0.377541659;1.611304068;1.988845727;0.417347464;1.529823452;1.947170916;16.0;16.0;12;1.0;1.3333333333333333;1.3333333333333333;12;0;54;80;36;3.0;6;3.0;4096;0;0
randomProcessModel539_annotated1.bpmn;/home/necmic/Onedrive/Desktop/EvaluationSetup/Test1_1-BoundaryTest1_Strong-Dynamic/BoundaryTest_decision-12/annotated/randomProcessModel539_annotated1.bpmn;null;null;null;null;null;;1;1;1;null;1;1;1;null;71.0;71.0;71.0;null;null;null;0.42614681;1.768743401;2.194890211;0.423048316;1.789784335;2.212832651;0.479180264;1.68922728;2.168407544;16.0;16.0;12;1.0;1.3333333333333333;1.3333333333333333;12;0;54;80;36;3.0;6;3.0;4096;0;0
randomProcessModel545_annotated1.bpmn;/home/necmic/Onedrive/Desktop/EvaluationSetup/Test1_1-BoundaryTest1_Strong-Dynamic/BoundaryTest_decision-13/annotated/randomProcessModel545_annotated1.bpmn;null;null;null;null;null;;1;1;1;null;1;1;1;null;74.0;74.0;74.0;null;null;null;1.064934363;13.310438742;14.375373105;1.001615032;11.37778679;12.379401822;1.003145288;11.423708024;12.426853312;17.0;17.0;13;1.0;1.3076923076923077;1.3076923076923077;13;0;58;86;39;3.0;6;3.0;8192;0;0
randomProcessModel543_annotated1.bpmn;/home/necmic/Onedrive/Desktop/EvaluationSetup/Test1_1-BoundaryTest1_Strong-Dynamic/BoundaryTest_decision-13/annotated/randomProcessModel543_annotated1.bpmn;null;null;null;null;null;;1;1;1;null;1;1;1;null;79.0;79.0;79.0;null;null;null;1.041045659;6.181858128;7.222903787;1.036526994;6.2433318;7.279858794;1.092922835;7.448196314;8.541119149;17.0;17.0;13;1.0;1.3076923076923077;1.3076923076923077;13;0;58;86;39;3.0;6;3.0;8192;0;0
randomProcessModel550_annotated1.bpmn;/home/necmic/Onedrive/Desktop/EvaluationSetup/Test1_1-BoundaryTest1_Strong-Dynamic/BoundaryTest_decision-13/annotated/randomProcessModel550_annotated1.bpmn;null;null;null;null;null;;1;1;1;null;1;1;1;null;73.5;73.5;73.5;null;null;null;1.040887449;8.692015611;9.73290306;1.11535575;9.880064629;10.995420379;1.046619253;8.670372302;9.716991555;17.0;17.0;13;1.0;1.3076923076923077;1.3076923076923077;13;0;58;86;39;3.0;6;3.0;8192;0;0
randomProcessModel544_annotated1.bpmn;/home/necmic/Onedrive/Desktop/EvaluationSetup/Test1_1-BoundaryTest1_Strong-Dynamic/BoundaryTest_decision-13/annotated/randomProcessModel544_annotated1.bpmn;null;null;null;null;null;;1;1;1;null;1;1;1;null;77.0;77.0;77.0;null;null;null;0.992657888;11.227020721;12.219678609;0.972845508;9.932013127;10.904858635;0.949167125;9.872200762;10.821367887;17.0;17.0;13;1.0;1.3076923076923077;1.3076923076923077;13;0;58;86;39;3.0;6;3.0;8192;0;0
randomProcessModel541_annotated1.bpmn;/home/necmic/Onedrive/Desktop/EvaluationSetup/Test1_1-BoundaryTest1_Strong-Dynamic/BoundaryTest_decision-13/annotated/randomProcessModel541_annotated1.bpmn;null;null;null;null;null;;1;1;1;null;1;1;1;null;77.0;77.0;77.0;null;null;null;1.944292123;19.438615463;21.382907586;2.027462777;27.983821873;30.01128465;1.896392356;19.021346462;20.917738818;17.0;17.0;13;1.0;1.3076923076923077;1.3076923076923077;13;0;58;86;39;3.0;6;3.0;8192;0;0
randomProcessModel549_annotated1.bpmn;/home/necmic/Onedrive/Desktop/EvaluationSetup/Test1_1-BoundaryTest1_Strong-Dynamic/BoundaryTest_decision-13/annotated/randomProcessModel549_annotated1.bpmn;null;null;null;null;null;;1;1;1;null;1;1;1;null;71.5;71.5;71.5;null;null;null;0.913892601;8.346162345;9.260054946;1.031078636;4.04139585;5.072474486;0.973127675;8.209773579;9.182901254;17.0;17.0;13;1.0;1.3076923076923077;1.3076923076923077;13;0;58;86;39;3.0;6;3.0;8192;0;0
randomProcessModel548_annotated1.bpmn;/home/necmic/Onedrive/Desktop/EvaluationSetup/Test1_1-BoundaryTest1_Strong-Dynamic/BoundaryTest_decision-13/annotated/randomProcessModel548_annotated1.bpmn;null;null;null;null;null;;1;1;1;null;1;1;1;null;76.0;76.0;76.0;null;null;null;0.912870431;9.95580868;10.868679111;1.068900696;4.93383105;6.002731746;0.944141219;9.927529796;10.871671015;17.0;17.0;13;1.0;1.3076923076923077;1.3076923076923077;13;0;58;86;39;3.0;6;3.0;8192;0;0
randomProcessModel547_annotated1.bpmn;/home/necmic/Onedrive/Desktop/EvaluationSetup/Test1_1-BoundaryTest1_Strong-Dynamic/BoundaryTest_decision-13/annotated/randomProcessModel547_annotated1.bpmn;null;null;null;null;null;;1;1;1;null;1;1;1;null;74.125;74.5;74.25;null;null;null;0.822568281;7.546563583;8.369131864;0.838050342;7.61742507;8.455475412;0.928368796;3.653160938;4.581529734;17.0;17.0;13;1.0;1.3076923076923077;1.3076923076923077;13;0;58;86;39;3.0;6;3.0;8192;0;0
randomProcessModel546_annotated1.bpmn;/home/necmic/Onedrive/Desktop/EvaluationSetup/Test1_1-BoundaryTest1_Strong-Dynamic/BoundaryTest_decision-13/annotated/randomProcessModel546_annotated1.bpmn;null;null;null;null;null;;1;1;1;null;1;1;1;null;82.0;82.0;82.0;null;null;null;1.057051467;12.860906389;13.917957856;1.078612977;12.870787815;13.949400792;1.144867437;9.58522288;10.730090317;17.0;17.0;13;1.0;1.3076923076923077;1.3076923076923077;13;0;58;86;39;3.0;6;3.0;8192;0;0
randomProcessModel542_annotated1.bpmn;/home/necmic/Onedrive/Desktop/EvaluationSetup/Test1_1-BoundaryTest1_Strong-Dynamic/BoundaryTest_decision-13/annotated/randomProcessModel542_annotated1.bpmn;null;null;null;null;null;;1;1;1;null;1;1;1;null;81.0;81.0;81.0;null;null;null;1.039119849;4.192684102;5.231803951;0.971434872;9.820437511;10.791872383;0.969913232;9.796898276;10.766811508;17.0;17.0;13;1.0;1.3076923076923077;1.3076923076923077;13;0;58;86;39;3.0;6;3.0;8192;0;0
randomProcessModel558_annotated1.bpmn;/home/necmic/Onedrive/Desktop/EvaluationSetup/Test1_1-BoundaryTest1_Strong-Dynamic/BoundaryTest_decision-14/annotated/randomProcessModel558_annotated1.bpmn;null;null;null;null;null;;1;1;1;null;1;1;1;null;83.0;83.0;83.0;null;null;null;2.252519873;51.420947996;53.673467869;2.28643218;45.642716399;47.929148579;2.271348351;38.255150055;40.526498406;19.0;19.0;14;1.0;1.3571428571428572;1.3571428571428572;14;0;62;92;42;3.0;6;3.0;16384;0;0
randomProcessModel560_annotated1.bpmn;/home/necmic/Onedrive/Desktop/EvaluationSetup/Test1_1-BoundaryTest1_Strong-Dynamic/BoundaryTest_decision-14/annotated/randomProcessModel560_annotated1.bpmn;null;null;null;null;null;;1;1;1;null;1;1;1;null;85.625;85.625;85.625;null;null;null;1.748630324;17.60260647;19.351236794;1.735778896;18.223218493;19.958997389;1.625871792;28.351666825;29.977538617;19.0;19.0;14;1.0;1.3571428571428572;1.3571428571428572;14;0;62;92;42;3.0;6;3.0;16384;0;0
randomProcessModel552_annotated1.bpmn;/home/necmic/Onedrive/Desktop/EvaluationSetup/Test1_1-BoundaryTest1_Strong-Dynamic/BoundaryTest_decision-14/annotated/randomProcessModel552_annotated1.bpmn;null;null;null;null;null;;1;1;1;null;1;1;1;null;78.0;78.0;78.0;null;null;null;1.640674899;12.334624718;13.975299617;1.806523569;10.261279323;12.067802892;1.60126115;11.642917654;13.244178804;19.0;19.0;14;1.0;1.3571428571428572;1.3571428571428572;14;0;62;92;42;3.0;6;3.0;16384;0;0
randomProcessModel554_annotated1.bpmn;/home/necmic/Onedrive/Desktop/EvaluationSetup/Test1_1-BoundaryTest1_Strong-Dynamic/BoundaryTest_decision-14/annotated/randomProcessModel554_annotated1.bpmn;null;null;null;null;null;;1;1;1;null;1;1;1;null;92.0;92.0;92.0;null;null;null;2.601926133;34.167656414;36.769582547;2.536108975;53.914520074;56.450629049;2.533770738;36.448460219;38.982230957;19.0;19.0;14;1.0;1.3571428571428572;1.3571428571428572;14;0;62;92;42;3.0;6;3.0;16384;0;0
randomProcessModel555_annotated1.bpmn;/home/necmic/Onedrive/Desktop/EvaluationSetup/Test1_1-BoundaryTest1_Strong-Dynamic/BoundaryTest_decision-14/annotated/randomProcessModel555_annotated1.bpmn;null;null;null;null;null;;1;1;1;null;1;1;1;null;84.125;84.125;84.125;null;null;null;1.910724489;21.673136949;23.583861438;2.159701447;23.932930768;26.092632215;1.920423596;20.336185032;22.256608628;19.0;19.0;14;1.0;1.3571428571428572;1.3571428571428572;14;0;62;92;42;3.0;6;3.0;16384;0;0
randomProcessModel551_annotated1.bpmn;/home/necmic/Onedrive/Desktop/EvaluationSetup/Test1_1-BoundaryTest1_Strong-Dynamic/BoundaryTest_decision-14/annotated/randomProcessModel551_annotated1.bpmn;null;null;null;null;null;;1;1;1;null;1;1;1;null;83.0;83.0;83.0;null;null;null;1.835360895;30.420025768;32.255386663;2.027301929;22.475858898;24.503160827;1.849827107;23.120398661;24.970225768;19.0;19.0;14;1.0;1.3571428571428572;1.3571428571428572;14;0;62;92;42;3.0;6;3.0;16384;0;0
randomProcessModel557_annotated1.bpmn;/home/necmic/Onedrive/Desktop/EvaluationSetup/Test1_1-BoundaryTest1_Strong-Dynamic/BoundaryTest_decision-14/annotated/randomProcessModel557_annotated1.bpmn;null;null;null;null;null;;1;1;1;null;1;1;1;null;79.0;79.0;79.0;null;null;null;1.582570085;19.500167432;21.082737517;1.578639427;19.266641042;20.845280469;1.638283991;26.344701409;27.9829854;19.0;19.0;14;1.0;1.3571428571428572;1.3571428571428572;14;0;62;92;42;3.0;6;3.0;16384;0;0
randomProcessModel556_annotated1.bpmn;/home/necmic/Onedrive/Desktop/EvaluationSetup/Test1_1-BoundaryTest1_Strong-Dynamic/BoundaryTest_decision-14/annotated/randomProcessModel556_annotated1.bpmn;null;null;null;null;null;;1;1;1;null;1;1;1;null;79.0;79.0;79.0;null;null;null;4.002755114;87.741382939;91.744138053;4.141360352;63.367184225;67.508544577;3.984686023;78.932270239;82.916956262;19.0;19.0;14;1.0;1.3571428571428572;1.3571428571428572;14;0;62;92;42;3.0;6;3.0;16384;0;0
randomProcessModel553_annotated1.bpmn;/home/necmic/Onedrive/Desktop/EvaluationSetup/Test1_1-BoundaryTest1_Strong-Dynamic/BoundaryTest_decision-14/annotated/randomProcessModel553_annotated1.bpmn;null;null;null;null;null;;1;1;1;null;1;1;1;null;87.0;87.0;87.0;null;null;null;1.429500554;11.669048722;13.098549276;1.596871595;11.491625127;13.088496722;1.619223924;11.855077483;13.474301407;19.0;19.0;14;1.0;1.3571428571428572;1.3571428571428572;14;0;62;92;42;3.0;6;3.0;16384;0;0
randomProcessModel559_annotated1.bpmn;/home/necmic/Onedrive/Desktop/EvaluationSetup/Test1_1-BoundaryTest1_Strong-Dynamic/BoundaryTest_decision-14/annotated/randomProcessModel559_annotated1.bpmn;null;null;null;null;null;;1;1;1;null;1;1;1;null;82.75;82.75;82.75;null;null;null;3.195829454;31.28851224;34.484341694;3.289832594;30.61708868;33.906921274;3.437066676;30.550024219;33.987090895;19.0;19.0;14;1.0;1.3571428571428572;1.3571428571428572;14;0;62;92;42;3.0;6;3.0;16384;0;0
randomProcessModel570_annotated1.bpmn;/home/necmic/Onedrive/Desktop/EvaluationSetup/Test1_1-BoundaryTest1_Strong-Dynamic/BoundaryTest_decision-15/annotated/randomProcessModel570_annotated1.bpmn;null;null;null;null;null;;1;1;1;null;1;1;1;null;92.0;92.0;92.0;null;null;null;2.920115881;81.686426368;84.606542249;2.932011959;89.721217539;92.653229498;3.054107917;85.913462563;88.96757048;20.0;20.0;15;1.0;1.3333333333333333;1.3333333333333333;15;0;66;98;45;3.0;6;3.0;32768;0;0
randomProcessModel561_annotated1.bpmn;/home/necmic/Onedrive/Desktop/EvaluationSetup/Test1_1-BoundaryTest1_Strong-Dynamic/BoundaryTest_decision-15/annotated/randomProcessModel561_annotated1.bpmn;null;null;null;null;null;;1;1;1;null;1;1;1;null;81.0;81.0;81.0;null;null;null;4.089962741;100.593304585;104.683267326;4.348234061;129.881612525;134.229846586;4.655516316;94.281666417;98.937182733;20.0;20.0;15;1.0;1.3333333333333333;1.3333333333333333;15;0;66;98;45;3.0;6;3.0;32768;0;0
randomProcessModel563_annotated1.bpmn;/home/necmic/Onedrive/Desktop/EvaluationSetup/Test1_1-BoundaryTest1_Strong-Dynamic/BoundaryTest_decision-15/annotated/randomProcessModel563_annotated1.bpmn;null;null;null;null;null;;1;1;1;null;1;1;1;null;84.0;84.0;84.0;null;null;null;4.118683029;107.10708854;111.225771569;4.429489493;95.056316443;99.485805936;4.16922678;101.619031494;105.788258274;20.0;20.0;15;1.0;1.3333333333333333;1.3333333333333333;15;0;66;98;45;3.0;6;3.0;32768;0;0
randomProcessModel569_annotated1.bpmn;/home/necmic/Onedrive/Desktop/EvaluationSetup/Test1_1-BoundaryTest1_Strong-Dynamic/BoundaryTest_decision-15/annotated/randomProcessModel569_annotated1.bpmn;null;null;java.util.concurrent.TimeoutException;java.util.concurrent.TimeoutException;java.util.concurrent.TimeoutException;;;;;null;null;null;null;null;null;null;null;null;null;null;6.240510111;null;null;6.686343708;null;null;6.226820421;null;null;20.0;20.0;15;1.0;1.3333333333333333;1.3333333333333333;15;0;66;98;45;3.0;6;3.0;32768;0;0
randomProcessModel567_annotated1.bpmn;/home/necmic/Onedrive/Desktop/EvaluationSetup/Test1_1-BoundaryTest1_Strong-Dynamic/BoundaryTest_decision-15/annotated/randomProcessModel567_annotated1.bpmn;null;null;null;null;null;;1;1;1;null;1;1;1;null;85.0;85.0;85.0;null;null;null;4.372482207;88.336947299;92.709429506;4.51696796;71.481377952;75.998345912;4.552573275;96.512920626;101.065493901;20.0;20.0;15;1.0;1.3333333333333333;1.3333333333333333;15;0;66;98;45;3.0;6;3.0;32768;0;0
randomProcessModel568_annotated1.bpmn;/home/necmic/Onedrive/Desktop/EvaluationSetup/Test1_1-BoundaryTest1_Strong-Dynamic/BoundaryTest_decision-15/annotated/randomProcessModel568_annotated1.bpmn;null;null;java.util.concurrent.TimeoutException;java.util.concurrent.TimeoutException;null;;;;1;null;null;null;1;null;null;null;91.5;null;null;null;4.983368063;null;null;5.146016658;null;null;5.36955072;169.042309319;174.411860039;20.0;20.0;15;1.0;1.3333333333333333;1.3333333333333333;15;0;66;98;45;3.0;6;3.0;32768;0;0
randomProcessModel564_annotated1.bpmn;/home/necmic/Onedrive/Desktop/EvaluationSetup/Test1_1-BoundaryTest1_Strong-Dynamic/BoundaryTest_decision-15/annotated/randomProcessModel564_annotated1.bpmn;null;null;java.util.concurrent.TimeoutException;java.util.concurrent.TimeoutException;java.util.concurrent.TimeoutException;;;;;null;null;null;null;null;null;null;null;null;null;null;7.878362705;null;null;7.356942521;null;null;7.511930757;null;null;20.0;20.0;15;1.0;1.3333333333333333;1.3333333333333333;15;0;66;98;45;3.0;6;3.0;32768;0;0
randomProcessModel562_annotated1.bpmn;/home/necmic/Onedrive/Desktop/EvaluationSetup/Test1_1-BoundaryTest1_Strong-Dynamic/BoundaryTest_decision-15/annotated/randomProcessModel562_annotated1.bpmn;null;null;null;null;null;;1;1;1;null;1;1;1;null;91.0;91.0;91.0;null;null;null;4.691176829;137.565572524;142.256749353;5.130459495;107.348208472;112.478667967;4.792765832;126.673369566;131.466135398;20.0;20.0;15;1.0;1.3333333333333333;1.3333333333333333;15;0;66;98;45;3.0;6;3.0;32768;0;0
randomProcessModel566_annotated1.bpmn;/home/necmic/Onedrive/Desktop/EvaluationSetup/Test1_1-BoundaryTest1_Strong-Dynamic/BoundaryTest_decision-15/annotated/randomProcessModel566_annotated1.bpmn;null;null;null;null;null;;1;1;1;null;1;1;1;null;81.0;81.0;81.0;null;null;null;4.640016723;93.879037784;98.519054507;5.268471392;95.015059609;100.283531001;4.810948042;132.994777695;137.805725737;20.0;20.0;15;1.0;1.3333333333333333;1.3333333333333333;15;0;66;98;45;3.0;6;3.0;32768;0;0
randomProcessModel565_annotated1.bpmn;/home/necmic/Onedrive/Desktop/EvaluationSetup/Test1_1-BoundaryTest1_Strong-Dynamic/BoundaryTest_decision-15/annotated/randomProcessModel565_annotated1.bpmn;null;null;null;null;null;;1;1;1;null;1;1;1;null;99.5;99.5;99.5;null;null;null;2.8175255;81.53772835;84.35525385;3.063734751;65.041779501;68.105514252;3.480677538;70.946288872;74.42696641;20.0;20.0;15;1.0;1.3333333333333333;1.3333333333333333;15;0;66;98;45;3.0;6;3.0;32768;0;0
randomProcessModel575_annotated1.bpmn;/home/necmic/Onedrive/Desktop/EvaluationSetup/Test1_1-BoundaryTest1_Strong-Dynamic/BoundaryTest_decision-16/annotated/randomProcessModel575_annotated1.bpmn;null;null;java.util.concurrent.TimeoutException;java.util.concurrent.TimeoutException;java.util.concurrent.TimeoutException;;;;;null;null;null;null;null;null;null;null;null;null;null;9.119206991;null;null;9.52635769;null;null;10.82907281;null;null;21.0;21.0;16;1.0;1.3125;1.3125;16;0;70;104;48;3.0;6;3.0;65536;0;0
randomProcessModel574_annotated1.bpmn;/home/necmic/Onedrive/Desktop/EvaluationSetup/Test1_1-BoundaryTest1_Strong-Dynamic/BoundaryTest_decision-16/annotated/randomProcessModel574_annotated1.bpmn;null;null;java.util.concurrent.TimeoutException;java.util.concurrent.TimeoutException;java.util.concurrent.TimeoutException;;;;;null;null;null;null;null;null;null;null;null;null;null;9.000947553;null;null;9.6845441;null;null;9.584511972;null;null;21.0;21.0;16;1.0;1.3125;1.3125;16;0;70;104;48;3.0;6;3.0;65536;0;0
randomProcessModel576_annotated1.bpmn;/home/necmic/Onedrive/Desktop/EvaluationSetup/Test1_1-BoundaryTest1_Strong-Dynamic/BoundaryTest_decision-16/annotated/randomProcessModel576_annotated1.bpmn;null;null;java.util.concurrent.TimeoutException;java.util.concurrent.TimeoutException;java.util.concurrent.TimeoutException;;;;;null;null;null;null;null;null;null;null;null;null;null;16.298748127;null;null;18.84786909;null;null;16.585109112;null;null;21.0;21.0;16;1.0;1.3125;1.3125;16;0;70;104;48;3.0;6;3.0;65536;0;0
randomProcessModel571_annotated1.bpmn;/home/necmic/Onedrive/Desktop/EvaluationSetup/Test1_1-BoundaryTest1_Strong-Dynamic/BoundaryTest_decision-16/annotated/randomProcessModel571_annotated1.bpmn;null;null;java.util.concurrent.TimeoutException;java.util.concurrent.TimeoutException;java.util.concurrent.TimeoutException;;;;;null;null;null;null;null;null;null;null;null;null;null;14.61136976;null;null;14.303721242;null;null;15.333815551;null;null;21.0;21.0;16;1.0;1.3125;1.3125;16;0;70;104;48;3.0;6;3.0;65536;0;0
randomProcessModel577_annotated1.bpmn;/home/necmic/Onedrive/Desktop/EvaluationSetup/Test1_1-BoundaryTest1_Strong-Dynamic/BoundaryTest_decision-16/annotated/randomProcessModel577_annotated1.bpmn;null;null;java.util.concurrent.TimeoutException;java.util.concurrent.TimeoutException;java.util.concurrent.TimeoutException;;;;;null;null;null;null;null;null;null;null;null;null;null;9.553513484;null;null;8.598842685;null;null;8.240746271;null;null;21.0;21.0;16;1.0;1.3125;1.3125;16;0;70;104;48;3.0;6;3.0;65536;0;0
randomProcessModel572_annotated1.bpmn;/home/necmic/Onedrive/Desktop/EvaluationSetup/Test1_1-BoundaryTest1_Strong-Dynamic/BoundaryTest_decision-16/annotated/randomProcessModel572_annotated1.bpmn;null;null;java.util.concurrent.TimeoutException;java.util.concurrent.TimeoutException;java.util.concurrent.TimeoutException;;;;;null;null;null;null;null;null;null;null;null;null;null;9.620641858;null;null;9.628704684;null;null;9.813787553;null;null;21.0;21.0;16;1.0;1.3125;1.3125;16;0;70;104;48;3.0;6;3.0;65536;0;0
randomProcessModel580_annotated1.bpmn;/home/necmic/Onedrive/Desktop/EvaluationSetup/Test1_1-BoundaryTest1_Strong-Dynamic/BoundaryTest_decision-16/annotated/randomProcessModel580_annotated1.bpmn;null;null;java.util.concurrent.TimeoutException;java.util.concurrent.TimeoutException;java.util.concurrent.TimeoutException;;;;;null;null;null;null;null;null;null;null;null;null;null;11.513843053;null;null;11.076316491;null;null;10.387398452;null;null;21.0;21.0;16;1.0;1.3125;1.3125;16;0;70;104;48;3.0;6;3.0;65536;0;0
randomProcessModel573_annotated1.bpmn;/home/necmic/Onedrive/Desktop/EvaluationSetup/Test1_1-BoundaryTest1_Strong-Dynamic/BoundaryTest_decision-16/annotated/randomProcessModel573_annotated1.bpmn;null;null;java.util.concurrent.TimeoutException;java.util.concurrent.TimeoutException;java.util.concurrent.TimeoutException;;;;;null;null;null;null;null;null;null;null;null;null;null;18.632994093;null;null;19.138080191;null;null;18.475201577;null;null;21.0;21.0;16;1.0;1.3125;1.3125;16;0;70;104;48;3.0;6;3.0;65536;0;0
randomProcessModel579_annotated1.bpmn;/home/necmic/Onedrive/Desktop/EvaluationSetup/Test1_1-BoundaryTest1_Strong-Dynamic/BoundaryTest_decision-16/annotated/randomProcessModel579_annotated1.bpmn;null;null;java.util.concurrent.TimeoutException;java.util.concurrent.TimeoutException;java.util.concurrent.TimeoutException;;;;;null;null;null;null;null;null;null;null;null;null;null;10.58259192;null;null;9.778423544;null;null;9.736408449;null;null;21.0;21.0;16;1.0;1.3125;1.3125;16;0;70;104;48;3.0;6;3.0;65536;0;0
randomProcessModel578_annotated1.bpmn;/home/necmic/Onedrive/Desktop/EvaluationSetup/Test1_1-BoundaryTest1_Strong-Dynamic/BoundaryTest_decision-16/annotated/randomProcessModel578_annotated1.bpmn;null;null;java.util.concurrent.TimeoutException;java.util.concurrent.TimeoutException;java.util.concurrent.TimeoutException;;;;;null;null;null;null;null;null;null;null;null;null;null;14.724838478;null;null;16.563632129;null;null;14.502819536;null;null;21.0;21.0;16;1.0;1.3125;1.3125;16;0;70;104;48;3.0;6;3.0;65536;0;0
